y,x1,group
18,1,6
8,1,6
45,1,6
158,1.5,6
0,1,6
0,1,6
52,2,6
10,1,6
66,1,6
17.77777777777778,1,6
72,1,6
10.38888888888889,1,6
103,1.6666666666666667,6
53.55555555555556,2,6
8,1,6
19,1,6
24,1,6
2.4444444444444446,1,6
30,2,6
38,1.5,6
57,1,6
70.66666666666667,1,6
12,1,6
100,2,6
22.11111111111111,1,6
20,1,6
186,1.5,6
64.11111111111111,1,6
41,0.6666666666666666,6
91,1,6
9,1,6
90.66666666666667,1,6
24,1,6
6,1,6
7,0.5,6
41,1,6
81,1,6
11,2,6
135,1.5,6
22.666666666666668,1,6
6,1,6
30.88888888888889,1,6
64,1,6
20.61111111111111,1,6
28,1,6
0,0,6
0,1,6
66,1,6
24,1,6
23.333333333333332,1,6
30,1,6
30,1,6
0,0,6
19,2,6
21,1,6
34,0,6
0,2,6
73.11111111111111,0.6666666666666666,6
22,1,6
0,0,6
0,0.6666666666666666,6
0,1,6
0,0,6
13,1,6
0,0,6
87,1,6
18,1,6
40.44444444444444,1,6
34,1.5,6
0,0.5,6
0,1,6
0,0,6
40,3,6
70,1,6
3.3333333333333335,1,6
11,1,6
10,1,6
38,3,6
123,1,6
7.555555555555555,1,6
117.55555555555556,0.5,6
42,1,6
10,1,6
32,1,6
20.11111111111111,1,6
26.22222222222222,1,6
39.333333333333336,1,6
34,1,6
20.944444444444443,0.75,6
115.11111111111111,1,6
48,1,6
8,1,6
0,1,6
48,1,6
0,1,6
5.222222222222222,1,6
11.777777777777779,1,6
30,2,6
46,1,6
46,1,6
18,1,6
45,1,6
1.5555555555555556,0,6
41,1,6
42,1,6
44.77777777777778,1.5,6
46,1,6
77,1,6
6.944444444444445,0.5,6
12,2,6
99,0.6666666666666666,6
0,0,6
10,0.5,6
24,1.5,6
48,1,6
58,1,6
15,1.5,6
19,1,6
36,1,6
163,1,6
75,1,6
30,1,6
17,1,6
38,0.5,6
88,1,6
41.888888888888886,1.5,6
2.4444444444444446,0.5,6
14,1,6
34,1,6
13.666666666666666,1,6
73,1,6
0,0,6
12.777777777777779,1,6
4,1,6
0,0,6
68,1,6
1.3333333333333333,1,6
24,0.5,6
11.222222222222221,1,6
10,1,6
20,1,6
8,1,6
74,1,6
6,2,6
99,1,6
4,0.5,6
10,1.5,6
95,1,6
112,0.6666666666666666,6
72.66666666666667,1.3333333333333333,6
67.11111111111111,1,6
98,1,6
5,1,6
0,0,6
10.444444444444445,1,6
24,1,6
23,1,6
135,0.5,6
15.222222222222221,1,6
26,1,6
0,0,6
37.22222222222222,1,6
14.222222222222221,0.6666666666666666,6
11.166666666666666,1,6
6,1,6
44,0.6666666666666666,6
0,1,6
33,1,6
122,2,6
31,1,6
44,1,6
53.166666666666664,1,6
78,1,6
7.333333333333334,1,6
0,0.5,6
21,1,6
109,0.6666666666666666,6
92,1,6
0,0,6
34.22222222222222,2,6
31,1,6
0,0.5,6
113.66666666666667,1,6
28,1,6
77.55555555555556,1,6
40,1,6
0,0,6
2,0.5,6
47,1,6
116.22222222222223,0.8,6
44,1,6
38,1,6
131,1,6
18,2,1
0,0,1
46,1,1
6,1,1
83,1,1
46.22222222222222,1,1
73.77777777777777,1,1
66,1,1
31,1,1
0,1,1
33.111111111111114,1,1
0,2,1
98.22222222222223,1.5,1
57,2,1
32.888888888888886,2,1
0,2,1
13,2,1
24,1,1
50,1,1
3,1,1
54.22222222222222,1,1
0,0,1
0,1,1
21,1.5,1
124.66666666666667,0.75,1
0,0,1
95.11111111111111,1,1
28.666666666666668,1.5,1
0,1,1
4,1,1
49,1,1
52,0.3333333333333333,1
0,0,1
8,1.5,1
63,1,1
9,1.5,1
56,1.3333333333333333,1
24,1,1
35,1,1
58,0.5,1
0,1,1
0,2,1
0,0,1
78.55555555555556,1.3333333333333333,1
109,1.3333333333333333,1
25,1,1
0,1,1
34,2,1
8,1,1
0,1,1
0,1,1
19,1,1
0,1,1
12.333333333333334,1,1
5,1,1
15,0.6666666666666666,1
12,1,1
113.55555555555556,1.6666666666666667,1
32,1,1
6.111111111111111,1,1
20,0.5,1
24,1,1
4.666666666666667,2,1
58,1.5,1
28,1,1
0,0,1
18,0.6666666666666666,1
31,3,1
0,0,1
0,1,1
48,1,1
5.111111111111111,1,1
43,1,1
54,1,1
6,1,1
24,1,1
0,0,1
40,0.5,1
89,1,1
10,1,1
0,1,1
34.111111111111114,1,1
65,1,1
14,1.5,1
18.22222222222222,2,1
5,1,1
38,2,1
5,1,1
6,1,1
10.11111111111111,1,1
8,2,1
9.11111111111111,1,1
15.444444444444445,0.5,1
20,1.5,1
14,1,1
26,1,1
28.22222222222222,1.5,1
10,1,1
50,1,1
126,1.5,1
10,1,1
78,1.5,1
5,1,1
8,1,1
25.11111111111111,1,1
0,1,1
0,0,1
77,1,1
5.555555555555555,1,1
50.77777777777778,1,1
42,1,1
4,1,1
25.11111111111111,1,1
0,0,1
6,1,1
0,1,1
34,1,1
52,1,1
50,1,1
16,2,1
0,0,1
129,1,1
1.3333333333333333,1,1
9.555555555555555,1,1
14,1,2
16,1,2
33,1,2
35,0.5,2
79,2,2
55,1,2
36,1,2
48.77777777777778,1.5,2
129,1,2
44,1,2
52,0.5,2
5.444444444444445,1,2
0,1,2
42,2,2
0,1,2
0,1,2
6,1,2
4,1,2
28.555555555555557,1,2
61.22222222222222,1,2
48,1,2
15,1,2
6,1,2
27.22222222222222,1,2
81,1,2
40,1,2
63,1,2
30,1,2
39,1,2
0,1,2
0,2,2
10.444444444444445,1,2
58,1,2
0,0,2
7,1,2
23.555555555555557,1,2
60,1,2
14,1,2
0,0,2
30.666666666666668,1,2
38,2,2
14,1,2
45,1,2
48,1,2
16,1,2
44,1,2
48,1.5,2
106,1,2
118,1.3333333333333333,2
52.22222222222222,1,2
36,1,2
80,1.5,2
40,2,2
59.44444444444444,1,2
94.44444444444444,0.5,2
34.111111111111114,0.5,2
65,1,2
43,1,2
4,1,2
43,1,2
32,3,2
119.44444444444444,1,2
0,0,2
13.555555555555555,0.5,2
72,1,2
33,1,2
32,1,2
67,1,2
7.444444444444445,1,2
44,1,2
56,1.3333333333333333,2
90,1,2
28,1,2
70,1.3333333333333333,2
23,1,2
9,1,2
98,1,2
45,1,2
40,0,2
18,1.5,2
28,1.5,2
6,1,2
17,1,2
16,1,2
57.111111111111114,1,2
30,1,2
32,1,2
20,1,2
41,1,2
50,1,2
14,1,2
44,1,2
4,1,2
86,1.5,2
23.666666666666668,1,2
146.55555555555554,1.6666666666666667,2
0,0,2
10,1,2
14,1,2
35,1,2
38,1,2
38,1,2
75,1.5,2
18,1,2
30,1,2
48,1.5,2
16,1,2
2,1,2
0,1,2
4,1,2
60.55555555555556,1,2
36.44444444444444,1.25,2
75,1.5,2
24,1,2
50,1,2
0,1,2
30,1,2
4.5,1,2
82,1,2
31,1,2
58,1,2
18,1,2
78,1,2
8,1,2
61.44444444444444,1.5,2
29.22222222222222,1.5,2
8.5,1,2
26,1,2
44.55555555555556,1.3333333333333333,2
46,1,2
18,0.5,2
22,1.5,2
20,1,2
94,2,2
69,0.5,2
29,0.5,2
45,1,2
60,1.5,2
137,1.5,2
18,0.5,2
92,1,2
52,1,2
0,1,2
60,1,2
18,0.5,2
0,0,2
6,1,2
118.55555555555556,1,2
68,1,2
57,1,2
100,1,2
70.88888888888889,1,2
43.22222222222222,1,2
39,1,2
147,1,2
48,1,2
86,1,2
58,1,2
46,1,2
45,1,2
64,1.5,2
6,1,2
61,1,2
78,1,2
36,1,2
86,1.5,2
26,1,2
48,1,2
91,1,2
43.77777777777778,1,2
49.666666666666664,1,2
33,1,2
11,1,2
64,1,2
68.66666666666667,1,2
26,1,2
52,1,2
41,1,2
12,1,2
43,2,2
24,1,2
131,1,2
37,1,2
0,2,2
8.222222222222221,0.5,2
82,1,2
12,1,2
90,0.6666666666666666,2
18,1,2
29,1,2
152,1,2
14.555555555555555,1,2
54,1,2
64,0.5,2
26,0.5,2
0,1,2
20,1,2
115,1,2
0,1,2
33,3,2
33.111111111111114,1,2
10,1,2
16,1,2
62.666666666666664,1,2
35.77777777777778,1,2
139,1,2
26,1,2
0,3,2
0,1,2
0,0,2
62,0.75,2
30,0.5,2
30,1,2
15,1,2
24,1,2
15,1,2
16,1,2
89,1.5,2
55.111111111111114,3,2
2,1,2
22,1,2
25.22222222222222,1,2
24,1.5,2
40,1,2
85.44444444444444,1,2
21.11111111111111,0.5,2
24,1,2
16,2,2
12,1,2
31,2,2
30,1,2
38,1,2
42,1,2
32,1,2
60.55555555555556,1,2
30,1,2
48,2,2
42,1.5,2
53,1.5,2
42.888888888888886,1,2
10.61111111111111,0.5,2
0,0.5,2
96.55555555555556,1,2
0,1,2
64.77777777777777,1,2
39,0.5,2
63,0.5,2
71,1,2
30,1,2
10,2,2
111.22222222222223,1,2
6,0.5,2
18,1,2
7,1,2
37,1,2
13.11111111111111,2,2
0,1,2
6,1.5,2
20,1,2
76.72222222222223,1,2
30.666666666666668,1.5,2
24.555555555555557,1,2
48.666666666666664,1,2
61,1.5,2
0,1,2
63,1.3333333333333333,2
170,1,2
16,1,2
4,1,2
50.55555555555556,2,2
20.444444444444443,1,2
16,1,2
140,1.5,2
76,1,2
29,1,2
29,1,2
110.5,1.5,2
21,1,2
27,1,2
44,1,2
71,1,2
0,0,2
0,1,2
75,0.5,2
7.333333333333334,1,2
40,1,2
40,1,2
0,2,2
10,1,2
30.333333333333332,1,2
70,1,2
9,1,2
1.5555555555555556,1,2
0,1,2
19,1,2
81,1,2
80,1,2
35,1,2
2,2,2
53.333333333333336,1,2
70.66666666666667,1,2
41,1,2
20,1,2
26,1,2
0,0,2
30,1,2
50,1,2
113,1,2
63,0.5,2
6,1,2
10,0.5,2
23,1,2
56.22222222222222,1,2
17,1,2
0,0,2
162,2,2
106,1.5,2
20.555555555555557,1,2
48,1,2
68,1,2
10.222222222222221,1,2
72,1,2
52,1.5,2
30,1,2
0,1,2
22.555555555555557,1,2
12,1,2
8,1,2
14,1,2
44,1,2
64,1,2
57,1,2
0,0,2
62.888888888888886,1,2
64.55555555555556,1,2
43,1,2
78.55555555555556,1,2
82,1,2
16,0.6666666666666666,2
0,1,2
0,1,2
1.1111111111111112,0.5,2
94,1,2
6,1,2
50,1,2
57,1,2
23,1,2
100,1,2
21,1,2
32,1,2
12,1,2
97.33333333333333,0.6666666666666666,2
40,1,2
6,2,2
50,1,2
45,2,2
82,1,2
61,1.5,2
10,2,2
35.77777777777778,1,2
14.777777777777779,1,2
59.666666666666664,1.5,2
42,1,2
14,1,2
0,1,2
36,1,2
33,1,2
36,1,2
20,1,2
9,1,2
72,1,2
27.77777777777778,1.5,2
164,1.6666666666666667,2
9,1,2
1.7777777777777777,0.5,2
103,1.5,2
74,1.5,2
30,1,2
28,0.5,2
47,0.6666666666666666,2
89,1.5,2
20,1,2
0,1,2
32,1,2
0,1.5,2
30,1,2
76,1,2
12,1,2
0,0,2
4,1.5,2
22,1,2
50,1,2
35,1,2
24,2,2
29,1,2
119,0.5,2
12,1,2
31.11111111111111,1,2
26,1,2
64,1,2
52.666666666666664,1.3333333333333333,2
8,0.5,2
14,1,2
33,1,2
21,1,2
0,2,2
115,1.6666666666666667,2
16,1,2
62,0.6666666666666666,2
70.33333333333333,0.6666666666666666,2
44,1.3333333333333333,2
63,1,2
0,1,2
8,1,2
12,0.5,2
21,1,2
10,1,2
0,1,2
108,1,2
6.111111111111111,1,2
65,1,2
8.555555555555555,1,2
12,1,2
16,1,2
38,1,2
57.333333333333336,1,2
154,1,2
0,0.5,2
36.5,1,2
181.88888888888889,2,2
3,1,2
0,1,2
10,1,2
31,1.5,2
23,1,2
33.44444444444444,1,2
26,2,2
39,1,2
43,0.5,2
58,1,2
23,1,2
54,1.5,2
46,1.5,2
0,1,2
0,1,2
0,0.5,2
23,1,2
83,1.5,2
46.44444444444444,1.5,2
0,0,2
55.333333333333336,1.5,2
30,1,2
32,1,2
44,1,2
48,1,2
37,1,2
54,1,2
10,1,2
32,1,2
38,1,2
7,0.5,2
100,1,2
12,1,2
20,1,2
32,1,2
18.444444444444443,0.5,2
0,0,2
4,1,2
24.666666666666668,1,2
40,1,2
24,1.5,2
0,1,2
24,1,2
31.22222222222222,1,2
0,0.5,2
78,1.5,2
85,1,2
8.555555555555555,0.5,2
41.55555555555556,1,2
40.888888888888886,1,2
16,0.5,2
0,1.5,2
8,1,2
8,1.5,2
66,2,2
14,1,2
24,0,2
86,1,2
122,2,2
131,0.6666666666666666,2
0,0,2
31,1,2
39,0.5,2
131,1,2
40,1,2
0.2222222222222222,1,2
50,1,2
62.333333333333336,1,2
72,1,2
27,1,2
40,1,2
46,1,2
64,1,2
115,1,2
40,1.5,2
31,1,2
76.22222222222223,1,2
78,1,2
20,0.5,2
129.66666666666666,1,2
30.666666666666668,1,2
37,1,2
0,2,2
0,0,2
2,1,2
32,1,2
61,1,2
120,1,2
77,2,2
83,0.6666666666666666,2
38,1,2
68,1,2
72,1,2
38,1,2
127,1,2
11,1,2
0,1,2
39,1,2
56.888888888888886,1,2
52,1,2
34,1,2
14,1,2
42,1,2
0,1,2
21,1,2
2,1,2
4,1,2
52,1,2
2,1,2
57,1,2
36.55555555555556,1.5,2
56,1,2
74,1,2
24,1,2
46,2,2
16,1,2
94,1,2
11.555555555555555,1.5,2
82,1,2
11.666666666666666,1,2
100.77777777777777,1,2
4,1,2
26,2,2
0,1,2
15,2,2
24,1,2
24,1,2
76.11111111111111,1,2
6.444444444444445,1,2
9,0.5,2
94.5,1,2
13,1.5,2
22,1,2
0,1,2
69,1,2
6,1,2
33,1.5,2
14,1,2
46,1.5,2
20,1,2
91.55555555555556,1,2
38,1,2
64,1,2
77,2,2
38,1,2
36.44444444444444,1,2
4,1,2
56.111111111111114,1,2
98,1,2
111,1,2
46,1.5,2
63.666666666666664,1,2
25,1.5,2
42,1,2
29,2,2
38,1,2
0,1,2
24,1,2
18,1,2
0,1,2
30.11111111111111,1,2
68,0.5,2
0,1,2
46,1,2
0,1,2
60,1,2
38,1,2
30,0.5,2
0,0,2
86,1,4
76,2,4
52.111111111111114,1,4
44.55555555555556,1,4
118,1.5,4
175,1.25,4
35.333333333333336,1,4
29,1,4
46,1,4
0,1,4
20,1,4
13,1,4
36,1,4
57.111111111111114,1,4
27.88888888888889,1.5,4
24,1,4
23.555555555555557,1.5,4
22,1,4
52,1,4
23.22222222222222,1,4
43,1,4
9.333333333333334,1,4
4,1,4
8,1,4
177,1.5,4
49,1.5,4
8,2,4
48,1,4
41,1,4
114,1,4
6,1,4
66,1,4
46,2,4
55,1,4
0,1,4
66,1,4
0,2,4
36,1,4
58,1.3333333333333333,4
71.5,1,4
132,1,4
51.888888888888886,1,4
30.22222222222222,1,4
36,2,4
30,1,4
25,1,4
40,1,4
2.2222222222222223,1,4
18,2,4
17,1.5,4
24.11111111111111,1,4
69,1.5,4
12,1,4
36,1.5,4
73,1,4
22,1,4
10,1,4
66.77777777777777,1,4
0,0,4
48,1,4
6.333333333333333,1,4
0,0,4
8,1,4
41,1.5,4
75,1,4
0,1,4
100,1,4
61.111111111111114,1.3333333333333333,4
9.555555555555555,2,4
1.1111111111111112,1,4
0,2.5,4
0,1,4
10,1.3333333333333333,4
126,1,4
6,1,4
93.66666666666667,1,4
0,1,4
40,1.5,4
110,1.5,4
0,2.5,4
59,1,4
6,1,4
70.44444444444444,2.5,4
19,2,4
25,1,4
72,1,4
58.22222222222222,0.6666666666666666,4
72,1,4
55,4,4
8,1,4
118,1,4
74,1,4
32,1,4
29,1,4
2.888888888888889,0.5,4
14,1,4
49,1,4
66,1,4
0,1,4
23,2,4
24,1,4
42.111111111111114,1.5,4
24,1,4
4,1,4
55.5,0.6666666666666666,4
34.111111111111114,1,4
4,1,4
30,1,4
65,1.5,4
96.44444444444444,1,4
23,1.5,4
20.22222222222222,1,4
25,1,4
28.666666666666668,1,4
86,1.3333333333333333,4
176,1.5,4
0.6666666666666666,1,4
42,1,4
120.11111111111111,1,4
35,1,4
0,2,4
40,1,4
150.66666666666666,1,4
12,1,4
21.555555555555557,1,4
20,0.75,4
0,0,4
50,1,4
4,1,4
24,1,4
4,0.5,4
14,1,4
17.22222222222222,1,4
85,1,4
4.555555555555555,1,4
44.22222222222222,1,4
28.444444444444443,1.5,4
30,1,4
70,1,4
42,1,4
180,0.6666666666666666,4
41,2,4
26,1,3
44.333333333333336,1,3
66,1,3
16,1,3
19,1,3
22.555555555555557,0.5,3
0.8888888888888888,2,3
24,1,3
50,1,3
10,1,3
12,1,3
42,1,3
113,1,3
51,1,3
4,1,3
8.333333333333334,1,3
40,2,3
26,1,3
0,1,3
8.555555555555555,1,3
49,1,3
0,0,3
53,1,3
12,2,3
73,2,3
78,1.5,3
66,1,3
4,1,3
103,1,3
45,1,3
62,1,3
7,1,3
28,2,3
0,2,3
10.555555555555555,2,3
30,1,3
76,3,3
0,1,3
39,1.5,3
2,1,3
81,1,3
70,1,3
128.44444444444446,1,3
10,1,3
31,1,3
28,2,3
24,1,3
8,1,3
70,1.5,3
0,0,3
39,1,3
178,1,3
114.22222222222223,1,3
7.111111111111111,1,3
29.555555555555557,1,3
0,1,3
79,1,3
43,2,3
35.666666666666664,1,3
6,1,3
6,1,3
41,0.5,3
94,1,3
0,1,3
14,1,3
116,3,3
46,1,3
40,1,3
28,1,3
143,1,3
60,2,3
8.666666666666666,1,3
9.444444444444445,1,3
40,1,3
66,1,3
0,0,3
43,1,3
128,1,3
35,1,3
109,1,3
20,1,3
44,1,3
5,2,3
25,0.5,3
8,1,3
36.44444444444444,0.5,3
28,0.5,3
125,1,3
2.5555555555555554,1,3
46,1,3
66,1,3
0,0,3
46.5,1,3
35,1,3
49,1,3
127,1.5,3
40.77777777777778,1,3
43,1,3
43,1,3
59,1,3
16,1,3
77,1,3
0,2,3
46.77777777777778,1,3
34.44444444444444,1,3
176,1,3
1.2222222222222223,1,3
30,1,3
25.77777777777778,0.3333333333333333,3
0,0.5,3
27.444444444444443,1,3
119.55555555555556,1,3
55,1.5,3
20,0.5,3
74.55555555555556,1.5,3
118.55555555555556,2,3
82,1,3
22.5,1,3
23,1.5,3
31,1,3
60,1,3
43,1,3
48.77777777777778,1,3
0,1,3
23,1,3
60,1,3
29,1,3
0,1.5,3
70.11111111111111,1,3
57,1.5,3
70,1,3
36,1,3
48,1.5,3
64,1,3
44,1,3
26,1,3
32,1,3
14,1,3
93,2,3
24,2,3
55.666666666666664,1,3
107,1,3
54,1,3
32,1,3
17,1,3
46,1,3
54,1.5,3
74,1,3
154,2.25,3
78,2,3
26,1,3
49.22222222222222,1,3
0,1,3
44,1,3
51.166666666666664,1.5,3
25.11111111111111,1,3
26.666666666666668,4,3
82,1,3
9,1,3
0,1,3
11.88888888888889,1,3
37,1,3
71,1,3
38,1,3
62,1,3
54,2,3
24,1.5,3
112,1,3
27,0.75,3
5,1,3
50.111111111111114,1,3
151.88888888888889,1,3
10,1,3
14,1,3
22,1,3
0,1,3
7,2,3
122,0,3
64.33333333333333,1,3
0,0,3
42,1,3
24,1,3
187.5,1,3
0,1,3
98.33333333333333,1,3
19.11111111111111,2,3
71.33333333333333,1.5,3
24,1,3
0,0,3
22.22222222222222,1.5,3
45.55555555555556,1,3
68,1,3
24,1,3
13.722222222222221,1,3
36,1,3
13,1,3
53.22222222222222,1.5,3
159.33333333333334,1,3
37,1,3
13,1.5,3
24,1,3
91,1,3
0,0,3
66,1,3
19,1.5,3
0,1,3
0,1.5,3
99,1,3
10,0.5,3
7.333333333333333,1.5,3
4,1,3
16,2,3
15.11111111111111,1,3
23,1.5,3
12,1,3
89.05555555555556,1,3
16,1,3
58.55555555555556,1,3
33.111111111111114,2,3
48.111111111111114,1,3
42,1,3
34.111111111111114,1,3
2.2222222222222223,1,3
4,1,3
35,1,3
4,1,3
96,1,3
50,1,3
37.111111111111114,1.5,3
29,1,3
50,1,3
42,1.5,3
16,1,3
4,1,3
6,1,3
50,1,3
62,1.5,3
0,0,3
26,1,3
24.666666666666668,0.5,3
97.5,1.5,3
33,0.6666666666666666,3
70.11111111111111,1,3
50,1.5,3
43.666666666666664,0.6666666666666666,3
70,1,3
87,1,3
10,1,3
80,1.5,3
0,1.5,3
87.11111111111111,1,3
32,0.5,3
0,1,3
98.66666666666667,1,3
21,1.5,3
15.222222222222221,1,3
18,1,3
6,1,3
12,1,3
0,1,3
0,0,3
72.22222222222223,1.5,3
36,1,3
29.88888888888889,1,3
4.722222222222222,1,3
9,3,3
58,1.5,3
10.555555555555555,2,3
38,1,3
98,1,3
72,1,3
31,1,3
0,0,3
63.55555555555556,1,3
0,1,3
59,1,3
110,1.5,3
0,1,3
32,1,3
16.88888888888889,1,3
37,1,3
48.888888888888886,1,3
55,1.3333333333333333,3
50,1,3
53.55555555555556,1,3
3,1,3
42,1,3
22,1,3
14.555555555555555,1,3
0,1,3
5.666666666666667,1,3
15.777777777777779,1,3
42.55555555555556,1,3
21.11111111111111,1,3
138,1,3
2,1,3
17.555555555555557,1,3
70,2,3
32,0.6666666666666666,3
55,1,3
32.55555555555556,1.5,3
29,1.5,3
36.22222222222222,1,3
7.888888888888889,1,3
166,1.5,3
50,1,3
46,2,3
0,1,3
23,1,3
180.55555555555554,1,3
39,0.5,3
86,1,3
27.11111111111111,0.3333333333333333,3
120,1,3
20.555555555555557,2,3
56,1,3
33.333333333333336,1,3
9,2,3
91.55555555555556,1.5,3
24,1.5,3
40,0.6666666666666666,3
44,1,3
44,2,3
48,1,3
32,1,3
25,1,3
8,1,3
74.55555555555556,1,3
30,1,3
0,1,3
20,1,3
52,1,3
53,2.5,3
16.555555555555557,1,3
80,1,3
80,1,3
52.333333333333336,1,3
28,1,3
99,1,3
10,1,3
59.111111111111114,1,3
83,1,3
28,1,3
52.22222222222222,1,3
62.111111111111114,1.5,3
54,0.5,3
0,1,3
0,1.5,3
33,5,3
0,2,3
71,1,3
76,0.3333333333333333,3
45,1.5,3
48,1,3
14,1,3
47,1,3
6,1,3
78.22222222222223,1.5,3
34,1,3
138.5,1,3
33,1,3
30,1,3
69.66666666666667,1.3333333333333333,3
0,1,3
27,1,3
90,1,3
88,5,3
25.77777777777778,1,3
15.11111111111111,1,3
38,1.5,3
28,0.5,3
57.55555555555556,1,3
0,1,3
0,2,3
64,1,3
141,1,3
32,0.5,3
88.11111111111111,2,3
58,1.5,3
30,1,3
26,1,3
16.22222222222222,1,3
20,1,3
28,1,3
0,1,3
125,1,3
114.88888888888889,0.75,3
19.11111111111111,1,3
36.55555555555556,1,3
72,1.5,3
12,1,3
10,1,3
90,1,3
32,1,3
76.05555555555556,1,3
24,1,3
24,0.5,3
40,1,3
24,1,3
42,1.5,3
19,1,3
0,1,3
111,1,3
0,1,3
38,1,3
51,1,3
67,2,3
32,1,3
0,2,3
8,1,3
41,2,3
0,1.5,3
0,2,3
0,1,3
35,1,3
59,1,3
37,1,3
70,1,3
59,1,3
34,1,3
0,1,3
0,0,3
38.55555555555556,1,3
21,1,3
114,2,3
75,1,3
56.55555555555556,1,3
44,1.5,3
4,1,3
26,1,3
18,1,3
0,3,3
25,1,3
43,1,3
20,1,3
130,1,3
19.22222222222222,1,3
28.666666666666668,1,3
10,1,3
60,1.5,3
53,1.3333333333333333,3
20,1.5,3
56.44444444444444,0.6666666666666666,3
49,1,3
6,1,3
144,1.5,3
25.555555555555557,1,3
78.22222222222223,1,3
60,1.5,3
6,2,3
65.33333333333333,1.5,3
15.11111111111111,1,3
14.555555555555555,1,3
59,1,3
102.5,3,3
0,1,3
55.55555555555556,1,3
0,0.5,3
18.555555555555557,1,3
105.44444444444444,1.3333333333333333,3
14,1,3
94,0,3
0,0.5,3
31.555555555555557,1,3
17.11111111111111,1,3
56,1,3
0,2,3
0,1,3
0,1.5,3
34,1,3
28,1,3
0.4444444444444444,1.5,3
40,1,3
86,1,3
34,1,3
8,1,3
17.11111111111111,1,3
97.55555555555556,1,3
6,2,3
54,1,3
24,0.5,3
110.22222222222223,1,3
33,1,3
44,1,3
82,1,3
9.555555555555555,0.5,3
0,0,3
22,1,3
36.111111111111114,1,3
0,1,3
149.44444444444446,0.6,3
50,1.3333333333333333,3
88.22222222222223,0,3
28,1,3
46,1.5,3
56,1,3
58,1,3
29,1.5,3
54.111111111111114,1,3
35,1,3
44.666666666666664,1.5,3
11,1,3
52.388888888888886,1,3
73,1,3
100.11111111111111,2,3
92,0.75,3
39,1,3
44,1,3
8,1,3
82.11111111111111,1,3
61.333333333333336,1,3
17.333333333333332,1,3
20,1,3
0,2,3
83,1,3
6,1,3
10.5,1,3
177.55555555555554,1.5,3
0,1,3
0,2,3
42,1,3
25,1,3
65,1.5,3
7.555555555555555,1,3
106,1,3
3,0.5,3
19,1,3
66,1,3
56,1,3
58,2,3
1.5555555555555556,2,3
6,0,3
10,1,3
20,1,3
36,1.3333333333333333,3
4,1,3
0,0,3
115.77777777777777,0.3333333333333333,3
32.111111111111114,1,3
0,0,3
0,0,3
40,2,3
50,2.5,3
30,1,3
16,1,3
52,1,3
53.55555555555556,1.6666666666666667,3
14,2,3
0,1,3
0,0,3
0,0,3
54,1,3
16,1,3
20,1,3
13.5,1,3
34.22222222222222,1,3
18,1,3
16,1,3
0,1.5,3
25.666666666666668,1,3
2.5555555555555554,1,3
36,2,3
0,1,3
6,1,3
34,1,3
99.55555555555556,1,3
0,0,3
35,1,3
2,1,3
58,1,3
134,1.5,3
29,2,3
43,1,3
11.555555555555555,1,3
0,1,3
50,1,3
27,1,3
169.22222222222223,1,3
3,1,3
32,1,3
33,2,3
101,1,3
125,1.25,3
54.666666666666664,1,3
12,1,3
32,1,3
23,1.5,3
20.666666666666668,2,3
113.55555555555556,1,3
46,1,3
0,1,3
129,1,3
67,1.5,3
14,1,3
79,0.6666666666666666,3
34,1,3
14.222222222222221,1,3
75.77777777777777,1,3
36,1,3
62,1.5,3
69.05555555555556,1,3
54,1,3
23,1,3
49.22222222222222,1.2,3
0,1,3
2,1,3
30,0.6666666666666666,3
0,0,3
83,1,3
65,1.5,3
31.333333333333332,1,3
29,1,3
34,1,3
114,1,3
104.55555555555556,1,3
56,1,3
69,2,3
85,1,3
135,1,3
49,1,3
30,1.5,3
1.5555555555555556,1.5,3
0,1,3
86,1,3
52.888888888888886,1.5,3
16,1,3
22,1,3
53,1,3
18,1,3
4,1,3
0,0,3
47.111111111111114,2,3
94.5,1,3
30,1,3
48,1.5,3
68,2,3
48,1.5,3
30,1,3
61,1,3
46.888888888888886,1,3
87,1,3
0,1,3
87,1.5,3
44,1,3
44,1,3
62.44444444444444,1,3
12,1,3
22.555555555555557,1,3
14,1,3
63,1,3
12,1,3
28,2,3
8,1,3
18,1,3
28,1,3
0,0,3
71,1,3
136,2.5,3
63.111111111111114,0.6666666666666666,3
10,1,3
0,1,3
56.111111111111114,1,3
65,1,3
89,1,3
68,1,3
17,1,3
162,0.6666666666666666,3
56,3.5,3
48,1,3
148,1,3
38,1,3
18,1,3
55,1,3
54,2,3
13.333333333333334,1,3
63.22222222222222,1,3
22.666666666666668,1,3
95,1.5,3
13,1.5,3
121,1,3
10,1,3
28,1,3
71,1,3
106,0.75,3
132.55555555555554,1,3
10,1,3
7,1,3
13,1,3
0,2,3
6,1,3
28,0.6666666666666666,3
68.33333333333333,1,3
34,1,3
67.88888888888889,1.5,3
84,1.5,3
0,0,3
22,1,3
0,0,3
60.77777777777778,0.6666666666666666,3
0,1.5,3
88.27777777777777,1,3
5.111111111111111,1,3
33.22222222222222,2,3
35,0.5,3
5.111111111111111,1,3
2,1,3
97,1,3
8,1,3
0,1,3
175,1,3
86.22222222222223,1.5,3
0,2,3
31.11111111111111,0.5,3
91.44444444444444,2.5,3
0,1,3
29,1,3
29,1,3
52,2,3
0,0,3
33.666666666666664,1,3
56,1,3
16,1.5,3
19.77777777777778,1,3
0,1,3
44,2,3
20.555555555555557,1,3
0,1,3
19,1,3
72,1,3
0,1,3
35.44444444444444,1,3
24,1,3
68,1,3
12,0.5,3
44,1,3
10,1,3
13.055555555555555,1,3
79.55555555555556,1,3
30.555555555555557,2,3
78,1,3
16,1,3
42,0.5,3
20,1,3
13.555555555555555,1,3
16,1,3
37,1,3
22.444444444444443,1,3
0,1.5,3
34.111111111111114,2.5,3
5.222222222222222,0.5,3
101.11111111111111,1,3
4,1,3
65.77777777777777,1.5,3
0,2,3
44.77777777777778,1,3
68.22222222222223,0.6666666666666666,3
14,1,3
56,1,3
34.388888888888886,1,3
37,0.5,3
2,1,3
0,1,3
50,2,3
4,1,3
48,1,3
10,0.8,3
60,1,3
29,1.5,3
55,1,3
90,1,3
12,1,3
20,1,3
10.222222222222221,1,3
41,1,3
34,1,3
24,1.5,3
28,1,3
22,0.5,3
39,1,3
56,1,3
62,1,3
102,1,3
18,1,3
19,1,3
20,1,3
14,1,3
46.55555555555556,0.75,3
32,1,3
108.44444444444444,1,3
69.77777777777777,1,3
3.2222222222222223,1,3
26,1,3
2,1.5,3
35,1,3
102,0.6666666666666666,3
82,1,3
7.333333333333334,1,3
22,1,3
10.11111111111111,5,3
36,1,3
14.555555555555555,1,3
8,3,3
55.77777777777778,1,3
0,2.5,3
88.44444444444444,1,3
36,1,3
12,1.5,3
137,1,3
0,0,3
42,1,3
82,1,3
17,1,3
14,1,3
0,1,3
44,1,3
48,1,3
18,1,3
26,0.5,3
14,0.5,3
2.2222222222222223,1,3
82,2,3
20,2,3
38,0.5,3
0,1,3
0,0,3
46,1,3
27,1,3
25,1,3
86,1.6666666666666667,3
12,1,3
120,1.3333333333333333,3
44,1,3
0,0,3
32,2,3
65.55555555555556,1,3
96,1,3
17.77777777777778,1,3
142,1,3
111.88888888888889,1,3
51,1,3
52,1,3
173.22222222222223,1,3
44,1,3
160.11111111111111,1,3
16.333333333333332,1,3
88,1,3
38,1,3
100,1.3333333333333333,3
101.11111111111111,1,3
20,0.3333333333333333,3
55.166666666666664,1,3
21.11111111111111,1,3
13,1,3
154,1,3
0,0,3
90,0.5,3
34,0.5,3
46.22222222222222,0.3333333333333333,3
7,1,3
44,1,3
23,1.5,3
0,1,3
24,1,3
15,1,3
40,1,3
5,1,3
83,0.5,3
46,1,3
6,0.5,3
14,1,3
2.111111111111111,1,3
92,1,3
144,1,3
108.5,1,3
36,1,3
141,1,3
62,1,3
85.55555555555556,1,3
73.22222222222223,1,3
22,1,3
62,1,3
58,1,3
24,1,3
51.55555555555556,1,3
0,0,3
44,1,3
0,0,3
16,1.5,3
71,1,3
38,1,3
27,1,3
108,1,3
80,1.5,3
0,1,3
2,1,3
0,1,3
34,1,3
0,1,3
72,1,3
56,2,3
19,1,3
70,2,3
81,1,3
32,1,3
8,1.5,3
0,1,3
72.66666666666667,1,3
66.22222222222223,1,3
76,1,3
51.22222222222222,1,3
5,1,3
55,1,3
180,1.3333333333333333,3
50.55555555555556,1,3
24,1,3
38,0.5,3
35.55555555555556,1,3
0,0,3
8,1,3
19,1,3
53,1.5,3
0,0.5,3
48,1,3
26,1,3
34,1,3
68,1,3
75.11111111111111,1.5,3
34,1.5,3
38.22222222222222,1,3
18,1,3
8,1,3
1,1.5,3
5.555555555555555,1,3
100,1.5,3
2,1,3
71.11111111111111,1.5,3
87,1,3
157.22222222222223,1,3
6,1,3
81,1,3
20,1,3
0,0.5,3
29,1,3
27,1.5,3
12,2.5,3
6,0.5,3
127,1.3333333333333333,3
17.11111111111111,1,3
0,1,3
94,1,3
46,2,3
28.5,1,3
54,0.6666666666666666,3
70,1,3
62,1,3
0,1,3
15.555555555555555,0.5,3
68,1,3
0,0,3
0,1,3
16,1,3
27,1,3
0,1,3
0,0,3
23,1,3
26,1,3
52,2,3
18,1.5,3
14,1,3
50,1,3
109.11111111111111,1.5,3
21.11111111111111,1.5,3
4.555555555555555,1,3
30,1.5,3
33,1,3
118.88888888888889,1,3
42,1,3
0,1,3
13,1,3
94.77777777777777,0.6666666666666666,3
31,1,3
88,1,3
7.333333333333333,1,3
0,0.5,3
43,1,3
0,1,3
32,0,3
15,1,3
41,1,3
134,1,3
20,1,3
112,1.3333333333333333,3
68,1,3
48,0.75,3
109.11111111111111,1,3
26,2,3
0,1,3
27,1,3
39,1,3
0,1,3
16,1,3
40,1,3
78,1.5,3
141,1,3
30,1,3
67,1,3
80,1,3
47,1,3
82,1,3
20,1,3
24,1,3
24,2,3
36,1,3
158,1.5,3
0,0.5,3
79,1,3
0,0,3
147,1,3
16,1,3
22,1,3
30,1,3
0,1,3
56.22222222222222,0.5,3
82,1,3
48.22222222222222,1,3
0,1,3
44.22222222222222,1,3
27,1,3
38,1,3
122,1.25,3
35,1,3
119.11111111111111,1,3
91.11111111111111,1,3
85,1,3
40,1,3
18,1,3
56,1,3
6,1,3
0,1,3
75,1,3
14.11111111111111,1,3
18,1,3
5.555555555555555,1,3
35,1.5,3
36,1,3
0,0,3
38,1,3
12.777777777777779,1,3
36,1,3
40,1,3
24,1,3
0,0,3
35.111111111111114,1,3
17,0.5,3
12.444444444444445,0.6666666666666666,3
89,1,3
1.1111111111111112,1,3
22.666666666666668,1,3
14,1.5,3
0,3,3
11,1,3
47,1.3333333333333333,3
6.333333333333333,0.5,3
7.5,1,3
76,1,3
30,1,3
35,1,3
62.55555555555556,1,3
12.11111111111111,1,3
37,1,3
0,0,3
70,1.5,3
0,1,3
52,1,3
57,1,3
119,1.5,3
0,1,3
67.77777777777777,1,3
0,1,3
32,1,3
38,1,3
69,1,3
0,1,3
16,1.5,3
82.83333333333333,1,3
10,1,3
18,2,3
82,1,3
0,0,3
16,1.5,3
26,1,3
9,1,3
42.111111111111114,1,3
41,1,3
24,1,3
20,1,3
10,1,3
99,0.6666666666666666,3
29,2,3
4.555555555555555,0.5,3
110,1.5,3
30.11111111111111,1,3
115,1.5,3
68,1,3
15,1,3
56.111111111111114,1,3
0,1,3
54,1,3
73.11111111111111,1,3
42,1,3
44,1,3
21,1,3
14,1,3
59,1,3
128,1,3
28,1,3
0,1,3
60,1,3
75,1,3
34,1.5,3
102,1,3
14,2,3
66,1.5,3
30,0.5,3
106,1,3
0,1,3
110,1,3
63.111111111111114,1.5,3
68,1,3
90,1,3
48.111111111111114,1,3
17,1,3
72,1,3
136,1,3
31,2,3
85,1,3
0,1,3
114,1,3
158,1,3
90.5,1,3
12,1,3
54,1,3
32.44444444444444,1,3
37,1,3
52,1,3
54.77777777777778,1,3
19.11111111111111,2,3
42,1,3
14,1,3
10,1,3
62,1,3
26.555555555555557,1,3
15,1,3
103,1,3
61.333333333333336,1,3
44,1.5,3
0,0,3
0,1.5,3
85.33333333333333,1.25,3
39.55555555555556,1,3
0,0,3
26,1,3
0,1,3
41,1,3
14,1.5,3
130,1.5,3
57,1,3
44,1,3
36.55555555555556,2.5,3
66,1,3
38,1,3
0,1,3
60,1,3
14,1,3
84,1,3
30,1,3
0,1,3
23.333333333333332,1,3
6,1,3
38,1,3
52.111111111111114,2,3
28,1,3
0,1,3
11,0.6666666666666666,3
72,1,3
10,0.5,3
87,1,3
90,1,3
30,1,3
65.33333333333333,0.5,3
8.555555555555555,0.5,3
3.5555555555555554,1,3
0,1,3
31,0.5,3
8,1.5,3
4,1,3
22,1,3
0,2,3
86,1,3
0,1,3
31.77777777777778,1,3
20,1,3
45.77777777777778,1,3
63,1,3
6,1,3
58,1,3
100,1,3
28,1.5,3
0,1,3
5.555555555555555,1,3
163,1,3
26,1,3
40.666666666666664,1,3
26,3,3
41,1,3
37,1.5,3
14,1,3
65,1,3
0,0,3
132.22222222222223,1,3
65,1,3
92,1,3
79,1,3
106.33333333333333,1,3
51,1,3
32.22222222222222,1.3333333333333333,3
6,1.5,3
54.55555555555556,1,3
118,1.5,3
40,1,3
16.666666666666668,1,3
24,0.5,3
0,1,3
125,1,3
103.11111111111111,1,3
0,1,3
79,2,3
15,1,3
70,0.5,3
72,1.5,3
14,1,3
2,1,3
93,1,3
0,1,3
81,1,3
32.111111111111114,1,3
138,1,3
0,0,3
155.22222222222223,1,3
58.22222222222222,1,3
26,1.5,3
12,1,3
4,1,3
117,1,3
0,1,3
28,1,3
0,1,3
26.22222222222222,1,3
0,0,3
35,1,3
0,1,3
0,1,3
120,1,3
22.11111111111111,1,3
19.77777777777778,1,3
69,1,3
103,2,3
0.7777777777777778,1,3
97,1,3
8,1,3
74,1.5,3
0,1,3
2.2222222222222223,1,3
108,1,3
19,1,3
0,0.5,3
149,1.3333333333333333,3
8,0.5,3
58,1,3
2.111111111111111,1,3
0,1,3
22,1,3
32.666666666666664,0.3333333333333333,3
39,0.6666666666666666,3
52,1,3
142.55555555555554,1,3
0,1,3
0,0,3
52,1.5,3
111,2.6666666666666665,3
112.22222222222223,1,3
21,1,3
7.666666666666667,1,3
26,1,3
36,1,3
3,0.5,3
33,1,3
80,1,3
75,1.5,3
36,1,3
0,1,3
31.11111111111111,1,3
15,1,3
90,2,3
8.666666666666666,1.5,3
31.11111111111111,0.5,3
24,1,3
7,1.5,3
42,1,3
22,1,3
9,1,3
92,1.5,3
7.555555555555555,1,3
167,1,3
15.444444444444445,1.5,3
23,1,3
48,1.3333333333333333,3
16,1,3
119,1,3
72.55555555555556,1,3
37.333333333333336,1,3
22,1,3
0,0,3
77.83333333333333,1,3
1.3333333333333333,1,3
60,1.5,3
19,1,3
0,0,3
60,2,3
32,1,3
0,1,3
29,1.3333333333333333,3
62,1,3
58,1,3
10,1,3
68,1,3
39,1,3
27,1,3
0,1,3
34,1,3
23,1,3
92,1,3
114,1,3
16,1,3
23,1,3
19,1,3
0,0,3
20,1,3
0,0,3
105,1,3
8,0.5,3
14,0.5,3
69.22222222222223,1,3
97.11111111111111,1,3
42,1,3
24,2,3
7,1,3
64,1,3
47,1,3
60.333333333333336,1,3
97,1,3
0,1,3
0,0.5,3
70,1,3
33.111111111111114,1,3
0.5555555555555556,2,3
105.33333333333333,1,3
41,0.6666666666666666,3
12.333333333333334,0.5,3
20.11111111111111,1,3
12,1,3
126,1,3
20,0.5,3
43,2,3
18,1,3
102,1,3
130,0.75,3
67.55555555555556,2,3
30,1,3
120.33333333333333,1,3
77,1.5,3
12,1,3
26,1,3
40,1,3
50,1.5,3
0,0,3
47,1,3
33,0.5,3
10,1,3
37,1,3
0,0,3
89,2,3
56,1,3
32,0.6666666666666666,3
84,1,3
0,0,3
26,1,3
26.333333333333332,1,3
0,0,3
89,1.5,3
1.4444444444444444,1,3
46,1,3
31,0.5,3
41,1,3
0,0,3
42,1.5,3
0,0.5,3
23,1,3
13,1,3
149.66666666666666,1,3
32,1,3
25,1,3
78,1.5,3
78,1,3
26,1,3
113,1,3
68.22222222222223,1,3
0,0.5,3
28,0.5,3
0,0.5,3
42,0.5,3
8,1,3
33,1,3
0,1,3
54,1,3
30,1,3
122,1.5,3
39,1.3333333333333333,3
19,1,3
0,1,3
10,1,3
34,1,3
28,1,3
35,1,3
34,1,3
15,3,3
27.444444444444443,2,3
59.44444444444444,1.5,3
6,1,3
10,2,3
50,1.5,3
84.55555555555556,1,3
55,1,3
36,0.5,3
95,1,3
34,1,3
2,1,3
41.55555555555556,1,3
130,1,3
52,1,3
30,1,3
40,0.5,3
2.2222222222222223,4,3
63,1,3
110,0.3333333333333333,3
12,2,3
29,2,3
8.555555555555555,1,3
60,1,3
4,1,3
17.11111111111111,1,3
17,1,3
0,1,3
22,1,3
186.11111111111111,1,3
30,1,3
0,0,3
14,1,3
35.22222222222222,0.6666666666666666,3
44.44444444444444,1.3333333333333333,3
29.11111111111111,1,3
76,1,3
0,1,3
27,1,3
38,1,3
9,1,3
0,1,3
2,1,3
120.44444444444444,1.25,3
14,1,3
32,2,3
84.22222222222223,1,3
120,1,3
154,1,3
0,1,3
7,0.5,3
21,1,3
1.1111111111111112,1,3
61,2,3
28.666666666666668,1,3
54,1,3
50,1,3
42,1,3
4,1,3
24,0.5,3
54,1,3
120,1,3
105,1.5,3
81.11111111111111,1.5,3
35,1,3
36,1,3
76,1,3
100,1,3
0,0,3
0,1,3
94,1,3
44,1,3
76,1,3
16.22222222222222,1,3
6,1,3
15,1,3
54,1,3
91,1.5,3
70.55555555555556,2.5,3
3.3333333333333335,1,3
24.666666666666668,1,3
48,1,3
72,1,3
55,1,3
80,1.5,3
49,1.5,3
0,1,3
37,2,3
0,0.5,3
25,1.5,3
0,1,3
66,1,3
40,1.5,3
53,1,3
71.11111111111111,1,3
77,1,3
23,1,3
62,1,3
42.77777777777778,1,3
103,1,3
23,1,3
28,1.5,3
115.55555555555556,2.5,3
0,0,3
24,1.3333333333333333,3
8,4,3
48.55555555555556,1.5,3
18,1,3
12,1,3
94,1,3
7,2.5,3
18,0,3
36,1.5,3
36,2,3
110.66666666666667,1,3
18,1,3
40,1.5,3
122,1,3
0,0,3
52,2,3
0,0,3
0,1,3
42,1,3
57,1,3
35,0.5,3
0,1,3
52,2,3
74,1,3
58,1,3
0,0,3
7,1,3
32,1,3
7,1,3
62,1,3
16,1,3
26.666666666666668,1,3
19,2,3
60,1,3
20,2,3
36,1,3
36,1,3
62,1.6666666666666667,3
111,1.25,3
18,1,3
100,0.3333333333333333,3
95.22222222222223,1,3
50,1,3
3.1111111111111107,1,3
47,1,3
6,1,3
55,1,3
16,2,3
32,2,3
73,1,3
40,1,3
121,1,3
180,1,3
50.22222222222222,1,3
17,1,3
16,1,3
58.5,1,3
60,1,3
28,1,3
9,1,3
0,1,3
36,1,3
10,1,3
0,1,3
20,1,3
45.55555555555556,1.5,3
44,0.5,3
13,1,3
33,0.6666666666666666,3
34,1,3
82,1,3
60,1,3
18.666666666666668,1,3
23,1,3
33,1,3
68,1.3333333333333333,3
33,1,3
11,1,3
35,1,3
0,1,3
0,1,3
51.333333333333336,1,3
37.666666666666664,1,3
48,1,3
142.44444444444446,1,3
46,1,3
55,1,3
103,1,3
62,1.5,3
103,1,3
88,1,3
46,1,3
90,1,3
107,1.3333333333333333,3
69,1,3
48,1,3
12.222222222222221,1,3
2.888888888888889,1,3
53,1,3
30,1,3
15.555555555555555,1,3
0,1,3
27,1,3
26,1.5,3
19,1,3
0,1,3
42,0.5,3
25,1.5,3
4,1,3
42,1,3
17.22222222222222,1,3
3.5555555555555554,1,3
102,1.5,3
77,1,3
14,1,3
45.55555555555556,2,3
91,2.5,3
11,1,3
0,1,3
38,1,3
58,1,3
0,1,3
14.222222222222221,1.5,3
40,1,3
20,1,3
20,1.5,3
43.22222222222222,0.6666666666666666,3
70,1,3
94,1,3
80.44444444444444,1.5,3
1.7222222222222223,1,3
66,0.5,3
46,1,3
57,1.5,3
12,1,3
74,1,3
17.666666666666668,0.5,3
14.222222222222221,1,3
33,1,3
63,0.5,3
26,1.5,3
26.444444444444443,3,3
46,1,3
126,1,3
0,1,3
23.666666666666668,1,3
10.777777777777779,1,3
22,1,3
131,1.5,3
39,1.5,3
89,1,3
62,1,3
0,0,3
11,1,3
34,1.5,3
11,2,3
9.5,1,3
25,2,3
69,1.3333333333333333,3
0,1,3
30.38888888888889,1,3
34,1,3
57,0.5,3
64,1,3
13,1,3
20,1,3
76,1,3
24.22222222222222,0.5,3
110.5,2,3
2,1,3
0,1,3
154,1,3
0,0,3
28.5,1,3
120,1.3333333333333333,3
0,1,3
46.888888888888886,1,3
2,2,3
74,1,3
92,1.5,3
32,1,3
44.77777777777778,1,3
0,1,3
3,1,3
39,1,3
7.333333333333333,1,3
34,2,3
51.333333333333336,1,3
31,1.5,3
4,0.6666666666666666,3
32,1,3
111,1,3
33.666666666666664,1,3
58,1,3
0,0,3
0,1,3
15.11111111111111,1,3
144.22222222222223,1,3
108,2,3
50.22222222222222,1,3
47,1,3
42,0.5,3
31,1,3
24,1,3
0,1,3
135,1.5,3
46,1,3
34.44444444444444,1,3
114,1,3
11,1,3
26,1,3
33,1,3
10.555555555555555,1,3
2.111111111111111,1,3
22,1,3
0,1,3
81,1,3
34,1,3
28.77777777777778,1,3
82.44444444444444,1,3
86,2,3
171,2,3
33.55555555555556,1,3
20.5,2,3
164,1,3
24,1,3
0,2,3
61,1,3
95,1.5,3
4,0.5,3
0,2,3
30,1,3
100.22222222222223,0.5,3
140,1,3
140,1,3
32,1,3
38,1,3
29.22222222222222,2.5,3
0,1,3
37,1,3
17,1,3
22,1,3
110,1,3
78.55555555555556,1.5,3
10,1,3
28,1,3
1,0.5,3
27,1,3
93,1,3
118,1,3
104,0.8,3
29.555555555555557,1,3
69,1,3
24,1,3
58,1,3
67.22222222222223,1,3
8.666666666666666,1.5,3
0,2,3
16,1,3
72,2,3
8,1,3
69,1,3
70,1,3
39,1,3
24,1,3
40,1,3
27,1,3
78,0.5,3
14,1,3
84,1,3
6,1,3
43,1,3
16,0.5,3
3,1,3
81,1,3
0,1,3
97,0.6666666666666666,3
32,1,3
112,1.5,3
40,1,3
27,1,3
125,1,3
54.72222222222222,1,3
98,1,3
33,1,3
61,1.5,3
15,1,3
77,1,3
17,1,3
62,2,3
0,0,3
53.333333333333336,1,3
0,0,3
7,1,3
30,0.5,3
0.3333333333333333,1,3
38,1,3
16,1,3
81.33333333333333,1,3
22.22222222222222,1,3
12,1,3
85,1,3
4,1,3
19,1,3
27.11111111111111,1,3
29,1,3
106.5,1,3
19.22222222222222,1,3
0,0,3
151.66666666666666,1.5,3
27,1,3
15,1.5,3
38,1,3
27,1,3
94,1,3
9.333333333333334,1,3
88,1,3
76,1,3
22,1,3
34,1,3
16,2,3
66,1,3
37,1,3
12,1,3
36,1,3
49.111111111111114,2,3
57,1,3
10,0.5,3
56,1,3
70,1,3
0,1,3
32,1,3
21.666666666666668,1,3
26.555555555555557,1,3
51,1,3
8,1,3
6.444444444444445,2,3
80,1,3
15.11111111111111,1,3
79,1,3
80,1,3
12,1,3
100,1.3333333333333333,3
5,1,3
56,1,3
10,1,3
28,1,3
14,1.5,3
27,1,3
31,1,3
48.333333333333336,1.5,3
0.2222222222222222,2.5,3
180,1.5,3
43.111111111111114,0.5,3
24,0.5,3
24,3,3
34,3.5,3
101,1,3
63.55555555555556,2,3
80,1,3
16.555555555555557,1,3
7.5,1,3
28,1,3
56.111111111111114,1,3
16.555555555555557,1,3
114.55555555555556,1,3
98,1,3
16,1,3
25,0.5,3
44,1.5,3
53,1,3
14,1.5,3
17.11111111111111,1,3
8.11111111111111,1.6666666666666667,3
22,2,3
62,1,3
82,1,3
90,0.6666666666666666,3
32,1,3
37.55555555555556,1,3
97,1,3
85.55555555555556,1,3
0,0,3
40,1,3
66,0.6666666666666666,3
21.22222222222222,1,3
75,1,3
68,1,3
10,1,3
0,1,3
10,1,3
109,0.6666666666666666,3
16,1,3
0,2,3
18,1,3
12,1,3
81,1,3
102,1,3
81.44444444444444,2.5,3
17,3,3
6,1,3
46,0.5,3
28,1,3
30,1,3
0,0,3
0,1,3
51.77777777777778,1,3
12,2,3
82,1,3
76,1,3
15.5,1,3
13.11111111111111,1,3
108,1.6666666666666667,3
22.11111111111111,1,3
29.333333333333332,1.5,3
0,1,3
33,1,3
128,1,3
9.11111111111111,1,3
39,1,3
10,2,3
34,1,3
35,1,3
76.11111111111111,1.5,3
11.555555555555555,1,3
0,1.5,3
94,1,3
113,1,3
55.111111111111114,1,3
2.2222222222222223,1,3
0.4444444444444444,1,3
22,1,3
60,1.5,3
8,1,3
57,1.5,3
58,2,3
22,1,3
80,2,3
66,1,3
67,1.5,3
40,1,3
0,1,3
58,2,3
9,1,3
30,1,3
33.77777777777778,1,3
18.22222222222222,0.5,3
18,1,3
133.33333333333334,1,3
0,1,3
0,1,3
14,1,3
23,1,3
76,1.5,3
46,1,3
73,1,3
0,0,3
2,1,3
98,1,3
36,2.5,3
68,1.5,3
69,1,3
44,1,3
58,1,3
30,1,3
6.111111111111111,1,3
54,2,3
2.5555555555555554,1,3
19,0.5,3
52,1,3
0,1.5,3
72,1,3
39,1,3
81,1,3
83.88888888888889,1,3
42,1,3
94.5,1,3
8,1,3
138,1,3
26,1,3
35,1.5,3
36,1,3
31,1,3
41.77777777777778,1,3
8,1,3
97,1.5,3
95,1,3
25,1,3
22,0.5,3
4.666666666666667,1,3
55,2.5,3
10,0.75,3
77.55555555555556,1,3
32.77777777777778,0.6666666666666666,3
14,1,3
76,1,3
100.22222222222223,1,3
12.88888888888889,1,3
30,3,3
19,1,3
38.55555555555556,1,3
6.777777777777778,1,3
46,2,3
56,1,3
16.77777777777778,1,3
19,1.5,3
79,1,3
26,1,3
18.22222222222222,1,3
7,1,3
140,1,3
51.666666666666664,1.25,3
33,1,3
0,0,3
15.777777777777779,1,3
16,1,3
30,1,3
28.666666666666668,1,3
57.111111111111114,1,3
27,1,3
36,1,3
0,1,3
49,1,3
72,1,3
36.333333333333336,1,3
1.1111111111111112,0,3
149,1,3
65,1.5,3
6,0.5,3
28,1,3
41.55555555555556,1,3
137,1,3
0,2,3
0,0,3
0,1,3
9,1.5,3
44,1,3
30.22222222222222,1,3
29.22222222222222,1,3
31,1,3
151,1.5,3
169,2,3
49,1,3
15,1,3
10,1,3
22,2,3
42,1.5,3
68,1,3
24,1.5,3
21,1.5,3
10,1,3
92.22222222222223,1,3
127,1,3
29.333333333333332,0,3
0,1,3
62,1,3
32,1,3
14,1.5,3
104.44444444444444,1,3
156,1.5,3
0,0,3
81,1,3
20.166666666666668,1,3
20,1,3
67,1,3
79,1.6666666666666667,3
0,1,3
77,1,3
7,1,3
33.55555555555556,1,3
0,1.5,3
113,0.6666666666666666,3
83,1.5,3
36,1,3
58.111111111111114,1.5,3
21.444444444444443,1,3
10,1,3
49.55555555555556,1,3
48,1,3
22,1.5,3
37.44444444444444,1,3
112,1,3
16.22222222222222,1,3
85,1,3
0,0.5,3
0,1,3
20,1,3
142,1,3
12,1,3
2.0555555555555554,0.5,3
49,1,3
41.5,1,3
5,1,3
0,2,3
33,1,3
9.444444444444445,1,3
25.555555555555557,1,3
37,1.5,3
51,1,3
86.5,1,3
88,1,3
7,1,3
26,0.5,3
70,1,3
7,1,3
20,0.5,3
32,1,3
42,0.75,3
4,1,3
158,1,3
54,1,3
36,1.5,3
38,1,3
28,1,3
114,0.5,3
96.22222222222223,1,3
33,1,3
26,1,3
42,1,3
53,1,3
0,0,3
30,1,3
0,0,3
20,1,3
0,0.5,3
150,1,3
44,1,3
51,1,3
9,1,3
106,1.5,3
10,1,3
14.222222222222221,2,3
118.11111111111111,1,3
8,1,3
40,0.6666666666666666,3
10,1.3333333333333333,3
59,1,3
24,1,3
4,2,3
120,1,3
46,1.5,3
155.11111111111111,1,3
0,1,3
3,2,3
67,1.3333333333333333,3
60,1,3
38.55555555555556,1,3
25,1,3
9,1,3
112,1.5,3
18,2,3
27,1,3
80,1.5,3
187,1,3
0,1,3
0,1.5,3
70.33333333333333,1.3333333333333333,3
73,1,3
68.22222222222223,1,3
23.77777777777778,0.5,3
128.55555555555554,1,3
23,1,3
12,1,3
36,1,3
5,1,3
0,1,3
26,1.3333333333333333,3
16,1,3
0,1,3
0,1,3
12,1,3
119,1,3
0,2,3
77,1,3
15.11111111111111,1,3
58.333333333333336,0.6666666666666666,3
38,1,3
58,1,3
36,1,3
100,1.5,3
64,1.5,3
7.555555555555555,1,3
31,1,3
143.11111111111111,1,3
0,1,3
24.11111111111111,1,3
0.2222222222222222,1,3
95,1.3333333333333333,3
12,0.5,3
12,1,3
0,1,3
24,1,3
58,1,3
56,1,3
12,1,3
0,0,3
50.111111111111114,1,3
73,1,3
9.555555555555555,1,3
61,1,3
96,1,3
4,0.5,3
0,0.5,3
36.44444444444444,1,3
29,1,3
72.55555555555556,0.5,3
47,1,3
26,1,3
0,1,3
34,1,3
71,1,3
43,1,3
12,2,3
20,1,3
16.555555555555557,0.3333333333333333,3
48,1,3
68,3,3
70,1.5,3
86,1,3
2,1,3
62,1,3
0,1,3
17,2,3
18,1,3
19,1,3
6,2,3
34,1,3
34.22222222222222,2.5,3
6.333333333333333,1,3
12,1,3
6,1,3
44,1,3
79,1,3
36,1.3333333333333333,3
105,1,3
36,2,3
112,1,3
4,1,3
23,2,3
83.33333333333333,1,3
7,1,3
46.5,1,3
0,1,3
9.666666666666666,2,3
7,1,3
54,1,3
31,1,3
48,1,3
75,1,3
116,1,3
63,1,3
85,1,3
10.555555555555555,1,3
0,1,3
4,1,3
56,1,3
100,1,3
22,1,3
168,1,3
60,1,3
34,1,3
24,1.5,3
3.4444444444444446,1,3
14,1,3
84,1,3
15,0.5,3
0,0,3
20,1,3
18.11111111111111,0.5,3
95,1,3
8,1,3
0,1,3
6,1,3
22,1,3
39,1.5,3
80.11111111111111,1,3
176,1,3
60,2,3
15,0.5,3
80,1.5,3
40,1,3
50,2.5,3
42,1,3
58.5,1,3
30,1,3
10,1,3
20,1,3
187.55555555555554,1.5,3
5.777777777777778,1,3
8,0.5,3
52,1,3
117,2,3
93,1,3
98.55555555555556,0.6666666666666666,3
12.222222222222221,2,3
11,1,3
2,0.6666666666666666,3
12,2,3
21,1,3
55.44444444444444,2,3
43,1,3
12,1,3
48,1,3
0,0.5,3
82,1,3
41.55555555555556,2,3
12,2,3
97,2,3
22,1,3
0,0,3
0,1,3
28,1,3
0,1,3
16,1,3
63,0.75,3
150,1,3
8,1,3
51,1,3
37,1,3
48,1,3
33,1,3
44,1,3
73.55555555555556,1.5,3
37,1,3
30.22222222222222,1,3
31,1.5,3
6,1,3
24.333333333333332,1.5,3
11.11111111111111,1,3
26,0.5,3
0,0,3
24.61111111111111,1,3
10,1,3
66,1,3
135,1,3
12.777777777777779,1,3
10,2,3
40,1,3
67,1,3
21,1,3
28,0.5,3
163,1.3333333333333333,3
84.66666666666667,1,3
44,1.6666666666666667,3
36,0.5,3
135.22222222222223,1,3
10,2,3
43,1,3
30.77777777777778,1,3
42,1,3
62.333333333333336,1,3
22,1,3
16,2,3
19,1,3
30,1,3
12,1,3
4,1,3
36,4,3
12,0.5,3
40,1,3
86,1,3
5.555555555555555,1,3
24,1,3
134,1,3
22,1,3
5.777777777777778,1.5,3
27.444444444444443,1,3
14,1,3
11.777777777777779,1,3
93,1,3
20,2,3
0,0,3
154,1,3
12,1,3
77,1.5,3
14,2,3
5,1,3
54,1.3333333333333333,3
54.111111111111114,1,3
41,1,3
52,1,3
98,1,3
4,1,3
61,1,3
37,1,3
10.555555555555555,1,3
39,2,3
16,2,3
58,1,3
12,1,3
29.444444444444443,1,3
46,1,3
22,1,3
12,1,3
12,1,3
85,1.5,3
54,1,3
8,0.5,3
4,0.5,3
47,1,3
43,1.5,3
16,1,3
0,0,3
18,1,3
82,1,3
87.61111111111111,1,3
4.333333333333333,1,3
0,1,3
90,1,3
84,1,3
10,1,3
63,1,3
94.55555555555556,1,3
57,1,3
5.555555555555555,1,3
47,1,3
30,1.5,5
4,1,5
54,1,5
10,0.5,5
42,1,5
6,2,5
22.555555555555557,1,5
40.888888888888886,1.5,5
33,1,5
50,1,5
73,2,5
42,1,5
40,1,5
8,1,5
6,1,5
16.77777777777778,2,5
20,0,5
10.222222222222221,4,5
2.111111111111111,2,5
4,1,5
26,1,5
14,1,5
22,2,5
12,0.5,5
32.44444444444444,1,5
53,1.5,5
44,1,5
70,1,5
3.3333333333333335,1,5
17,0.5,5
32.22222222222222,0.5,5
74,0.75,5
22,2,5
65,1,5
49,1,5
12,1,5
72,1,5
54.22222222222222,1,5
30,1,5
18,1.5,5
0,1,5
8.11111111111111,0.5,5
6,1,5
50,1.5,5
81,1,5
24,1,5
18,1,5
20,2,5
100,1,5
37.55555555555556,1,5
166,1.3333333333333333,5
0,1,5
54,2,5
4,0.75,5
5,1,5
28.22222222222222,1,5
66,1.5,5
76.55555555555556,1,5
12.555555555555555,1,5
105,1,5
12.11111111111111,1,5
93,1,5
0,1,5
22,1,5
26,1,5
23,1,5
48,1,5
96,1,5
6,1,5
105.11111111111111,0.6666666666666666,5
28,1.5,5
18,1,5
61,1.5,5
33,1,5
88,1.3333333333333333,5
30,1,5
52,1,5
21,2.5,5
6.666666666666667,1,5
32,1,5
72.11111111111111,1.5,5
30,1,5
62,1,5
58,1.6666666666666667,5
128.77777777777777,1,5
37.77777777777778,1,5
85,2,5
104,1,5
18,0.5,5
91,1,5
25.444444444444443,1,5
158,2,5
12,1,5
0,2,5
101,1,5
56.55555555555556,1,5
57.55555555555556,1,5
11,0.3333333333333333,5
38,0.5,5
40,1,5
10,1,5
79,1,5
107,1.5,5
45.77777777777778,1,5
62,1.5,5
6,1,5
113.33333333333333,1.5,5
0,1.5,5
59,1,5
47,1,5
0,1,5
49,1,5
10,1,5
56,3,5
13,1,5
36,1,5
0,1,5
24,1,5
16.11111111111111,1,5
52.55555555555556,1,5
22.555555555555557,1,5
30,1,5
75,1,5
24,1.5,5
22,1,5
118,1,5
16,1,5
51,1,5
0,1,5
38,1,5
18,1,5
43.22222222222222,1,5
104,1,5
21,1,5
14,1,5
67,1.5,5
79.77777777777777,1,5
74.44444444444444,1,5
0,1.5,5
19.22222222222222,1,5
122.22222222222223,1.5,5
45,1,5
44,2,5
58.55555555555556,1.5,5
71,1,5
21.11111111111111,1,5
36,1,5
10,1,5
105,2,5
81,1,5
108.33333333333333,1.5,5
4,1,5
0,1,5
31,1,5
52,3,5
53.666666666666664,1,5
6,1,5
86.44444444444444,1,5
151,2,5
8.555555555555555,1,5
18,1,5
123,1.3333333333333333,5
37,1,5
81,1,5
140.55555555555554,0.6666666666666666,5
10.444444444444445,1,5
0,0,5
30,1,5
93,1,5
4,0.5,5
14,1.5,5
56.55555555555556,1,5
38,1,5
105,1,5
74,1,5
0,1,5
26,1,5
37,1,5
187.77777777777777,1,5
34,1,5
4.5,0.6666666666666666,5
23,1,5
51,1,5
53.111111111111114,1.6666666666666667,5
71.33333333333333,1,5
67,1,5
20,1,5
50.55555555555556,1,5
127.77777777777777,1.5,5
79,1,5
22,1.5,5
0,0,5
0,1,5
63.55555555555556,1,5
37,1,5
30.666666666666668,1,5
126,1,5
0,1,5
58,1,5
50.55555555555556,1,5
19,1,5
13.666666666666666,1,5
4,1,5
0,1,8
12.222222222222221,1,8
40,1,8
0,0,8
22.22222222222222,1,8
4,1,8
0,0,8
31,1,8
0,0,8
58,1,8
14,1,8
32,0.5,8
26,2.5,8
32,1,8
0,1,8
22,1,8
39,1,8
66,1,8
14,1,8
42,1.5,8
2,1,8
136,1.3333333333333333,8
0,0,8
40.611111111111114,1,8
10.555555555555555,3,8
132,1,8
48,2,8
111.55555555555556,1.5,8
52,1,8
20,1,8
160.66666666666666,1,8
0,0,8
31,1,8
10,1,8
31.444444444444443,1.5,8
169,0.6666666666666666,8
40,1,8
103,1,8
6.555555555555555,1,8
15.222222222222221,1,8
2,1,8
27.11111111111111,1,8
26,1,8
36,1.5,8
151,1,8
0,1,8
53,1,8
39.77777777777778,1,8
14,1,8
0,0,8
10,1,8
0,1,8
8,1,8
6,0.5,8
6.777777777777778,1,8
0.6666666666666666,0.5,8
143,1.5,8
42,0.75,8
108.55555555555556,1,8
0,0,8
24,1,8
15,3,8
0,1,8
12,1,8
67,1,8
28,1,8
71,1,8
0,0,8
121,1.3333333333333333,8
185.55555555555554,1,8
0,0,8
19.22222222222222,1,8
37,1,8
0,0,8
48,1,8
3.7777777777777777,0.5,8
0,1,8
8.666666666666666,1,8
91,1,8
34,1,8
11,1,8
66,2,8
61,2.6666666666666665,8
71.22222222222223,1,8
0,1,8
42,1,8
34.55555555555556,1,8
5,0.5,8
22.666666666666668,1,8
0,1,8
0,1,8
94,2,8
8.88888888888889,0.5,8
141,0.75,8
71,0.6666666666666666,8
16.11111111111111,1.5,8
0,0,8
59.666666666666664,1,8
15,1,8
21,1,8
72,1,8
33,1,8
51.333333333333336,1.4,8
82,0.6666666666666666,8
1.1111111111111112,1,8
52,1.5,8
0,1,8
6,1,8
55.111111111111114,1,8
21,1,8
62,1,8
35,2,8
132,1,8
11,1,8
0,1,8
15.555555555555555,1,8
12.555555555555555,1,8
15.11111111111111,1,8
6,5,8
39,1,8
16.333333333333332,1,8
26,0.5,9
38.77777777777778,1,9
16,0.6666666666666666,9
26.77777777777778,1.5,9
96.66666666666667,1,9
36,1,9
73,2,9
50,1.5,9
30,1,9
131.22222222222223,2,9
19.444444444444443,1,9
45,1.5,9
56,1,9
0,2,9
24,1,9
24,1.5,9
68,1.5,9
61,1,9
20,1,9
2.7777777777777777,1,9
32.888888888888886,1,9
40.55555555555556,1,9
8,1,9
37,1.5,9
0,0,9
10,1,9
28,0.5,9
72.77777777777777,1,9
49,2.3333333333333335,9
40.22222222222222,1,9
0,0.5,9
51.22222222222222,1,9
12.444444444444445,1,9
7.333333333333333,1,9
125,1.5,9
62.666666666666664,1,9
0,1,9
81.61111111111111,1,9
43.55555555555556,1,9
67,2,9
72,1,9
79,1,9
63.55555555555556,1,9
14.666666666666666,1,9
2,1,9
56.666666666666664,3,9
69,1.5,9
0,2,9
6,1,9
27,1,9
31,1,9
39,1,9
4,1,9
48.22222222222222,1,9
43,1.3333333333333333,9
0,1,9
30,1,9
0,1,9
37,1,9
144,1.25,9
15,3,9
37,1,9
13,1,9
66,1,9
0,1,9
20,2,9
29.11111111111111,1,9
59,1.5,9
14,1,9
40,2,9
45,1,9
36,1,9
11.333333333333334,1,9
5.555555555555555,1,9
16,1,9
62,0,9
0,0,9
12,0.5,9
0,0,9
62,1,9
47.666666666666664,0.5,9
76.66666666666667,0.6666666666666666,9
101.55555555555556,1.5,9
42,1,9
8,1,9
22,1,9
25,1,9
104,1,9
111.33333333333333,1.3333333333333333,9
37,1,9
5.111111111111111,1,9
3.5555555555555554,1,9
36,1,9
60,1.5,9
27,1,9
0,0,9
2,1,9
0,1,9
0,1,9
34.44444444444444,1.5,9
0,1,9
15,1,9
22,1,9
66,1,9
61,1,9
28.555555555555557,1,9
130,1,9
0,1.5,9
13.11111111111111,1,9
70,1,9
40,2,9
67,1.5,9
40,2,9
36.333333333333336,2,9
0,1,9
15,1,9
0,1,9
30,1,9
23,1,9
22,1,9
1.1111111111111112,1.5,9
1,1,9
63,1,9
105.5,1,9
24,1,9
132.22222222222223,1.5,9
17,1,9
13.666666666666666,1,9
4,0.5,9
0,2,9
46,1.5,9
29,1,9
0,0,9
11,1.5,9
9.666666666666666,1,9
40,1,9
35,1,9
0,0.5,9
2.2222222222222223,1,9
7,1,9
116,2.5,9
2,2,9
0,0,9
0,0,9
10.222222222222221,1,9
43,0.5,9
66,1,9
23.11111111111111,0.6666666666666666,9
4,2,9
54,1,9
20,1.5,9
33,1,9
66,1.5,9
14,1,9
59,1,9
8.11111111111111,1,9
62,2,9
57.77777777777778,1,9
41,1,9
10,1,9
11,1,9
83.5,2,9
133,1.6666666666666667,9
34,1,9
0,1,9
106,1,9
44.666666666666664,1,9
77,1,9
110,1,9
16.555555555555557,1,9
0,2,9
0,1,9
0,0,9
24,2,9
11,0.5,9
8,0.5,9
9,1,9
68,1,9
25.72222222222222,2,9
0,0,9
26,1,9
0,1.3333333333333333,9
14,1,9
68,0.5,9
67.44444444444444,1,9
48.111111111111114,1,9
68,1,9
35,1,9
40,1,9
8,1,9
140,1,9
16,1,9
0,0,9
12.11111111111111,0.6666666666666666,9
0,2.5,9
23,1,9
14,0.5,9
92,1.5,9
59,2,9
22,1,9
0,1,9
0,1,9
120,3.5,9
36,2.5,9
25,1,9
5.333333333333333,1,9
146,2,9
61.44444444444444,1,9
86,1,9
68,1,9
15,0.5,9
0,0,9
19,1,9
64,1,9
42,1.5,9
70,1,9
29,1,9
15.11111111111111,1,9
73,1.5,9
21,0.75,9
68,1,9
148,1,9
19.333333333333332,1,9
6.555555555555555,1.5,9
9.666666666666666,1,9
34,0.5,9
20.666666666666668,0.5,9
10,0.5,9
74.11111111111111,1.2,9
67.11111111111111,0.6666666666666666,9
10,0.5,9
6.222222222222222,1.5,9
70.44444444444444,1,9
37,1,9
0,1,9
6,1,9
36,1,9
18.77777777777778,0.5,9
0,1,9
22.444444444444443,1,9
18,1,9
0,1,9
32,2.5,9
25.555555555555557,1,9
86,1,9
24,2.5,9
0,1,9
14,1,9
62,1,9
28,2,9
30.88888888888889,1,9
87.22222222222223,1,9
15,1,9
13.666666666666666,1,9
32,1,9
112,1.25,9
3.7777777777777777,2,9
10,0.6666666666666666,9
12,1,9
0,0,9
43,1,9
37.888888888888886,1,9
24,1,9
10,0.5,9
18.22222222222222,1,9
28,1,9
0,0,9
4,1.5,9
0,0,9
42,2,9
47,1,9
126,2.5,9
128,1,9
123,1.3333333333333333,9
51,1,9
6,1,9
0,0,9
14,1,9
40,1,9
75,1.5,9
47,1,9
0,0,9
1,2,9
0,1,9
0.2222222222222222,1,9
56,2,9
56,1,9
4,2,9
11,1,9
0,1,9
79,1,9
12,1,9
42,1,9
32,1,9
40,1.5,9
102,1,9
0,0,9
0.4444444444444444,1,9
100.33333333333333,0.5,9
44,1,9
0,0,9
73,1,9
49,1,9
0,0.5,9
49,2,9
42,1,9
0,1,9
49,2,9
3,0.5,9
20,1,9
10,1,9
28,1.5,9
86,1,9
7.777777777777778,1,9
55,1,9
65,1.5,9
15,1,9
22,0.5,9
0,0,9
12,1,9
37,1,9
20,1,9
18.5,1,9
104,1,9
59,1,9
62,1,9
3.8333333333333335,2,9
43,2,9
51,0.5,9
10,1,9
1.4444444444444444,1,9
0.8888888888888888,1,9
12,1.5,9
132,1,9
48.666666666666664,1.5,9
18,1,9
66,1,9
100,2,9
28,1,9
28,2,9
48,1.5,9
49.77777777777778,1.5,9
0,0,9
39,1.5,9
21,1,9
90,1,9
55.44444444444444,1,9
48,3,9
44,1,9
17,1,9
75.44444444444444,1.3333333333333333,9
16.333333333333332,4,9
54,1.5,9
52.77777777777778,1,9
54,1.5,9
0.8888888888888888,1,9
122.44444444444444,1,9
25,1,9
26,1,9
2,1,9
22,1,9
44.888888888888886,1,9
26,0.5,9
20,1,9
4.444444444444445,1,9
76,1,9
66,1.5,9
0,3,9
51,1,9
109.44444444444444,1,9
65,1,9
34,2.5,9
111.44444444444444,1.3333333333333333,9
16,1.3333333333333333,9
106,1,9
2,1,9
18.555555555555557,0.6666666666666666,9
71.66666666666667,1,9
18,2,9
2.444444444444444,2,9
0,1,9
12,1,9
40,1,9
34,1,9
62,1,9
12,2,9
32,1,9
121.77777777777777,1,9
22.666666666666668,1,9
0,3,9
10.222222222222221,2,9
22,1,9
0,3,9
31.444444444444443,1,9
24,1,9
2.7777777777777777,1,9
35.55555555555556,1.5,9
54,1,9
8,1,9
27.555555555555557,1,9
74,1.5,9
10,1.5,9
129.22222222222223,1,9
0,1,9
34,1,9
42.5,1,9
0,0,9
7,3,9
16,1,9
7,2,9
60,1,9
38.111111111111114,2.5,9
31.22222222222222,0.5,9
8,3,9
9,1,9
106.61111111111111,1.5,9
24,1,9
42,3,9
89.22222222222223,1,9
22,1,9
95.11111111111111,1,9
66,1,9
24.555555555555557,0.5,9
0,0,9
35.333333333333336,1.5,9
56.44444444444444,1,9
87,1,9
0,1,9
6.666666666666667,1,9
29,0.75,9
6,1,9
4,1,9
107.55555555555556,3,9
83.22222222222223,1,9
20.666666666666668,1,9
14,1,9
63,1,9
15.555555555555555,0.5,9
6,1,9
16,0.5,9
24,1,9
30,1,9
130,1,9
34,3,9
65,0.6666666666666666,9
0,0,9
39,1,9
0,1,9
32,1,9
51.22222222222222,0.6666666666666666,9
12,1,9
7,1,9
42,1,9
46,1,9
39.44444444444444,1,9
0,1,9
37,1,9
15.722222222222221,1,9
21.333333333333332,1.5,9
56,1,9
71,1,9
12,2,9
25,1,9
59,1,9
20,1,9
95.11111111111111,1,9
21,0.5,9
20,1.5,9
0,1,9
0,1,9
20,0.5,9
14,1,9
4,1,9
30,1.5,9
109.77777777777777,2,9
8,4,9
0,1,9
87,1.6666666666666667,9
14,1,9
18,1,9
0,0,9
0,0,9
18,1,9
0,1,9
108,1,9
16,1,9
149.88888888888889,2,9
5.555555555555555,1.5,9
105,1,9
15,1.5,9
2,2,9
53,2,9
40,1,9
36,1,9
163,1.3333333333333333,9
38,2,9
85,1.5,9
55,1,9
52.55555555555556,1,9
102,1,9
46,1.5,9
0,0,9
65.44444444444444,1,9
49,1.5,9
66.11111111111111,3,9
29,1.5,9
28,1,9
16,0.5,9
60,1,9
30.444444444444443,1,9
48,1,9
4,1,9
7.222222222222222,1,9
24,1,9
45.55555555555556,2.5,9
52.22222222222222,1,9
5,1,9
193,1,9
88,1.5,9
38,1,9
24,2,9
120,1.5,9
170,5,9
0,0,9
0,0,9
10,1.5,9
0,1.5,9
173,1,9
20,1.5,9
1.2222222222222223,1,9
0,1,9
8,1,9
11,1.5,9
32,1.5,9
44,1,9
26.555555555555557,1.5,9
0,1,9
48,1,9
105,1.3333333333333333,9
65.55555555555556,1,9
46.77777777777778,1,9
0,1,9
0,1,9
24,0.5,9
4,1,9
56,1,9
0,0,9
28,1,9
119,1,9
63.666666666666664,1.5,9
48,1,9
22,1,9
6,1,9
98,1,9
44.333333333333336,2,9
6,1.5,9
40.55555555555556,1,9
19,2,9
0.8888888888888888,1,9
20,1,9
5.555555555555555,2,9
66,1.3333333333333333,9
52,1,9
41.5,1,9
78,0.5,9
14.222222222222221,1,9
0,0,9
163.22222222222223,1.5,9
27.333333333333332,1.5,9
8,1,9
8,1,9
26,1.5,9
4.333333333333333,1,9
0,0,9
35.55555555555556,1,9
20,0.5,9
96.22222222222223,1,9
7,2,9
15.222222222222221,1,9
28,1,9
25.22222222222222,1,9
0,1,9
6.333333333333333,1,9
116,1,9
10.666666666666666,1,9
76.77777777777777,1.5,9
35,2,9
52.55555555555556,1,9
79,1,9
6.444444444444445,1,9
16,1.5,9
106,1,9
12.88888888888889,1,9
46,1,9
9,1,9
15,1,9
16,3,9
62.666666666666664,1,9
22,1,9
112,1.2,9
13.11111111111111,3,9
28,1,9
0,0,9
1,2,9
60.22222222222222,1.5,9
6,1,9
0,1,9
48,1,9
39.77777777777778,1,9
62,2,9
0,0,9
42,1.5,9
10,1,9
16,1,9
46,0.6666666666666666,9
40.55555555555556,1,9
70,1,9
5,2,9
112.55555555555556,1.6666666666666667,9
24,1,9
13,1,9
7.333333333333333,4,9
0,1,9
36,2,9
0,0.5,9
58.55555555555556,1,9
62,1,9
25.555555555555557,1,9
0,0,9
14,2,9
78,1,9
24.666666666666668,1,9
36,1,9
35,1.5,9
0,1,9
65,1,9
47.111111111111114,1,9
125.5,1,9
105,1,9
0,1,9
104.33333333333333,1,9
41.55555555555556,1,9
20,2,9
1.7777777777777777,1,9
111.66666666666667,1,9
4,1.5,9
0,0,9
6,0.5,9
4.444444444444445,1,9
0,3,9
72,1,9
46.333333333333336,1,9
13,0.6666666666666666,9
122,1,9
43,1.5,9
38,1,9
32.333333333333336,1.5,9
37,1,9
18,1,9
37,1,9
4.888888888888889,1,9
14,1,9
41,0.5,9
91.5,1,9
18,2,9
0,0,9
28,1.5,9
100,1,9
44,1,9
56,2,9
57,0.5,9
34,1,9
137,1,9
12,0.5,9
52.55555555555556,1,9
0,0.5,9
56.55555555555556,1,9
54,1,9
87.55555555555556,1.3333333333333333,9
140,2,9
58,1,9
0,2.5,9
34,1,9
2,1,9
46,1,9
107.22222222222223,1,9
19.555555555555557,1,9
25.555555555555557,1,9
78.55555555555556,1,9
81,2,9
8.222222222222221,1,9
25,1,9
59,0.5,9
95.33333333333333,1,9
26,1,9
2,1,9
0,1,9
0,1,9
31.333333333333332,0.6666666666666666,9
10,1,9
0,0.5,9
45,1,9
82,1,9
139,1.5,9
21,3,9
95.66666666666667,2.5,9
22,1,9
0,1,9
47.55555555555556,1,9
6,0.6666666666666666,9
34,1,9
12,2,9
58,1,9
1.1111111111111112,1,9
0,0,9
2,1,9
14,1,9
0,0,9
109.22222222222223,1,9
10,1,9
39,1,9
98,1,9
26,0.5,9
18,1.5,9
10,1,9
36,1,9
140,1.5,9
44.22222222222222,0.5,9
185,1.6666666666666667,9
67.11111111111111,1,9
11.777777777777779,1,9
55,2,9
0,0,9
0,1,9
26,1,9
41,1,9
0,0,9
117,1.5,9
87,1,9
66.11111111111111,1,9
8,1,9
13.444444444444445,0.5,9
127.55555555555556,1.5,9
9,1.5,9
58,1,9
0,1,9
23,1.5,9
127,2.5,9
35,1,9
13,1.5,9
130,1.5,9
47,1,9
54,2,9
154,1.5,9
38,1,9
0,1,9
58.55555555555556,1,9
30,1,9
33.666666666666664,1,9
66,1,9
12,1,9
13.222222222222221,1,9
47.111111111111114,1,9
71.33333333333333,1,9
28,2,9
10,1,9
22.88888888888889,1,9
24,2,9
108,2.5,9
76,1,9
0,1,9
4.777777777777778,0.5,9
0,1,9
32,1,9
24.333333333333332,1,9
20,1,9
40.55555555555556,1,9
0,2,9
66,2,9
8,1,9
44,1,9
0,1,9
54,1,9
93,1,9
4,1,9
32,1,9
54.333333333333336,2,9
31,1,9
2,0,9
24,1.5,9
27.11111111111111,1,9
132,1,9
64,3.3333333333333335,9
64,2,9
25.77777777777778,2.5,9
39.888888888888886,0.5,9
43.22222222222222,1,9
170,1,9
26,2,9
71.11111111111111,1,9
129.22222222222223,1.5,9
40,1,9
22,0.5,9
68,1,9
34.111111111111114,1,9
34,1,9
23.5,2.3333333333333335,9
24.444444444444443,1,9
82,1.5,9
4.333333333333333,1,9
44,3,9
0,1,9
16,1,9
46,1,9
30,1,9
30,1,9
5.333333333333334,2,9
9.555555555555555,1,9
32,1,9
112.55555555555556,2,9
139.5,1.3333333333333333,9
28,1,9
5.555555555555555,1,9
35,3,9
14.555555555555555,1,9
2,3,9
33,1,9
0,1,9
92,0.5,9
6.333333333333333,0.5,9
23,1,9
0,1,9
58.111111111111114,1.5,9
19,1,9
0,0,9
22,1,9
16,1,9
67,1,9
68.11111111111111,1,9
14.555555555555555,1,9
22,1,9
32.55555555555556,1.5,9
3.5555555555555554,0.6666666666666666,9
38.111111111111114,2,9
12,1.5,9
12,1,9
2,1,9
19,1.5,9
90,1.5,9
6.666666666666667,1,9
4.444444444444445,1,9
49.44444444444444,1,9
0,1,9
48,1,9
15.444444444444445,1,9
0,3,9
78,0.6666666666666666,9
5,1,9
24,1,9
15,2.5,9
31,1,9
0,1,9
65,1.5,9
20.11111111111111,0.5,9
44.111111111111114,1,9
65,1,9
50,1,9
37,1,9
135,1,9
43,1,9
104,1,9
46.22222222222222,1.5,9
43,1,9
89,1.2,9
4,2,9
5,1,9
8,1,9
53,1.5,9
157,1,9
0,0,9
7.777777777777778,0.5,9
49.55555555555556,2,9
0,1,9
118,2,9
84.5,1,9
17,0,9
56.111111111111114,1,9
0,1,9
40.111111111111114,1,9
0,1.3333333333333333,9
39.666666666666664,1,9
12,1,9
33,1,9
26,1,9
22,1,9
114,1.6666666666666667,9
29,1,9
7.555555555555555,1,9
24,0.5,9
0,0,9
0,2,9
30,3,9
69,1,9
62,1.5,9
22,1,9
6,1,9
44,1.5,9
54,1,9
58,1,9
24.77777777777778,1,9
0,0,9
30,1.5,9
0,1,9
6,1,9
14,0.5,9
10.222222222222221,0.5,9
42.5,1.5,9
44,1,9
38,1,9
16,1,9
68,1.5,9
25.22222222222222,0.5,9
27.555555555555557,1.5,9
25,1,9
56,2.5,9
0,0,9
39.111111111111114,1,9
52,1,9
65,1,9
6,1,9
82,1,9
27,0.5,9
136.61111111111111,0.6666666666666666,9
52,1.5,9
37,1,9
15,1,9
9.055555555555555,1,9
34,0.5,9
38,1,9
32,1,9
10,1,9
108,1,9
30,1,9
52.5,2,9
0,0,9
37,1,9
38.333333333333336,1.5,9
19,0.5,9
17.444444444444443,1,9
33.44444444444444,1,9
27,0.5,9
29,2,9
13,1,9
6,1.5,9
58,1,9
132.66666666666666,1,9
30.333333333333332,1,9
27.22222222222222,1,9
16,1,9
0,0,9
122,1,9
0,1,9
114,1.5,9
0,0,9
63,1,9
32.22222222222222,1,9
67,1,9
0,1,9
69.11111111111111,1,9
0.3333333333333333,1,9
114,1.3333333333333333,9
46,1.5,9
17.22222222222222,1,9
97.55555555555556,1,9
24.333333333333332,1.5,9
23,1,9
10,1,9
19.22222222222222,2,9
0.8888888888888888,1,9
42.111111111111114,1.3333333333333333,9
35,1.5,9
33.55555555555556,1,9
75,1,9
0,2,9
68,1,9
46,1,9
44,1,9
30,1.5,9
18,1,9
54,1,9
19,2,9
186,1.5,9
6,1,9
92,1.3333333333333333,9
0,0,9
19,2,9
29,1,9
0,1,9
2.5555555555555554,1,9
12,1,9
75,1,9
89.5,1,9
7.333333333333333,1,9
31,1,9
68.11111111111111,1.5,9
0,2,9
0,0,9
0,1,9
36,1,9
0,1,9
48,3,9
7,1,9
0,1,9
2,1,9
56,1.5,9
88,1,9
35,1,9
35,1,9
18,1.3333333333333333,9
30,0.5,9
69,1,9
30,1,9
10,1,9
96.11111111111111,1,9
76.11111111111111,1,9
4,1,9
101.55555555555556,1,9
0,1,9
0,0,9
0,1,9
99.11111111111111,1,9
0,0,9
55,2,9
20,2.5,9
21,1,9
49,1,9
0,0,9
4,1,9
32,2.5,9
15.222222222222221,1,9
28,1,9
41,1,9
38,1,9
90.11111111111111,1.6666666666666667,9
14,1,9
18,1,9
3,2,9
30,1.5,9
4.111111111111111,1,9
7.555555555555555,1,9
121,1,9
8,1,9
2,1,9
85,0.5,9
76,1,9
106,1,9
51,1,9
22.555555555555557,1,9
3.2222222222222223,1,9
8.444444444444445,1,9
27.5,1,9
30,5,9
45,2.5,9
0,0,9
50,1,9
46,1,9
35,1,9
18,1,9
10,1,9
16,1,9
30,3,9
18,1,9
0,0,9
26,3,9
40,2,9
6.222222222222222,1,9
66,1,9
0,1,9
12,1.5,9
5,1,9
32,0.5,9
15,2,9
64,1.5,9
0,0,9
40,1,9
98,1,9
0,0,9
31,1,9
51,1.5,9
73,1,9
27.11111111111111,1,9
27,1,9
0,0,9
30.555555555555557,1,9
75,2,9
22,2,9
0,2,9
42,1,9
20.5,3,9
20,1,9
12,1,9
47,1,9
14,1,9
58,0.5,9
0,1,9
47.55555555555556,1.3333333333333333,9
17,0.5,9
96.11111111111111,1,9
36.5,1,9
38,1,9
19,1,9
65,1.5,9
0,1,9
78.11111111111111,1,9
0,0,9
33,3,9
12,1,9
32,1,9
114,1.5,9
22,0.5,9
71,1,9
43.22222222222222,1,9
24,2,9
120,2,9
0,1,9
21.11111111111111,1,9
7,1,9
2,0.3333333333333333,9
28,1,9
109,1,9
0,1,9
17,1,9
5,1,9
75,1,9
0,1,9
69.88888888888889,1,9
36.44444444444444,1,9
72,1.3333333333333333,9
0,2,9
18,1,9
70,1,9
82,1.5,9
8.666666666666666,1,9
20,2,9
30,0.5,9
39,2.5,9
25,0.5,9
37.111111111111114,1,9
53,1,9
109,1,9
61,0.6666666666666666,9
0,1,9
127.22222222222223,1,9
0,1.5,9
16,1,9
84,1.5,9
33.77777777777778,1,9
17.444444444444443,2,9
50,1,9
48.55555555555556,1,9
0,0,9
34,3.5,9
0,1,9
26,0.6666666666666666,9
18,1.5,9
0,1,9
10,0.5,9
70,2,9
0,0,9
8,1,9
93.66666666666667,1,9
59,1,9
2,2,9
14,1,9
23,1,9
68,1,9
34,1,9
145.61111111111111,1,9
78,1,9
0,0,9
48,1,9
14,1,9
2,1,9
84,1,9
68,1,9
74,1,9
2.5,1,9
20,1,9
95.55555555555556,1,9
0,0,9
9.666666666666668,2,9
27,1,9
4.111111111111111,1,9
0,0,9
37.22222222222222,1,9
67.5,1,9
0,0,9
13,1,9
28,1,9
174.22222222222223,1.5,9
57,1,9
16,1,9
15,1.5,9
110,1,9
0,0,9
6.555555555555555,1.5,9
0,0,9
4.444444444444445,1,9
0,1,9
47.111111111111114,1,9
0,1,9
99.05555555555556,1.5,9
43.333333333333336,1,9
41,1,9
32,0.5,9
7,1,9
0,0,9
36,0.5,9
81,1,9
0,0,9
115,1,9
55,1,9
60,1,9
0,1,9
135.55555555555554,1.5,9
23,1,9
0,1,9
4,1,9
53,1,9
54.666666666666664,2,9
81,2,9
57.333333333333336,2.5,9
22,2,9
6,1,9
34.55555555555556,1,9
45,3,9
11,1,9
0,1,9
13.11111111111111,1,9
9.11111111111111,1,9
8,1,9
30.5,1,9
37,1,9
98,2,9
2,0.5,9
48,1,9
0,0,9
31.11111111111111,1,9
11.444444444444445,1,9
0,0,9
58.22222222222222,1,9
2,0.5,9
0,1,9
52,1,9
26,1,9
41.333333333333336,1,9
48,1,9
56,2,9
20,1,9
0,1,9
0,1,9
30,1,9
6,1,9
15,1,9
17.333333333333332,3,9
47,1,9
113,1,9
29,1,9
22,1,9
26.555555555555557,1,9
97,1,9
6,1,9
55.44444444444444,1.5,9
22,1,9
83.44444444444444,1,9
44.666666666666664,1,9
0,1,9
60,1,9
42,2,9
120,1,9
0,0.5,9
23,1,9
14,1,9
0,2,9
52,2.5,9
2,2,9
80.33333333333333,1,9
68,1.5,9
56,1,9
22,1,9
42,1,9
16.88888888888889,1,9
8.555555555555555,2,9
12.333333333333334,1,9
74,3,9
10,1,9
23,0.5,9
52,1,9
77,1,9
39,1,9
12,1,9
2,3,9
61,1,9
47,1,9
98,1,9
118.5,1,9
11.88888888888889,1,9
71.55555555555556,1.5,9
19,1,9
18.333333333333332,2,9
48,1.5,9
34,1,9
0,0,9
0,1,9
161,1.6666666666666667,9
33,1.5,9
20,1,9
7,1,9
16,1,9
18.333333333333332,4,9
96,1,9
62.333333333333336,1.5,9
24,1,9
0,1,9
46.666666666666664,2,9
0,1,9
30,1,9
16.666666666666668,1,9
8,1,9
2,1,9
73.33333333333333,1.5,9
7,4,9
0,3,9
59.888888888888886,2,9
57.55555555555556,1,9
26.555555555555557,1,9
41,1,9
25,2,9
22,1,9
0,0,9
0,0,9
6,1,9
18.11111111111111,1,9
0,1,9
10.11111111111111,1,9
30.333333333333332,1,9
67,1,9
40,1,9
62,1,9
99,1,9
76.55555555555556,1,9
62,1,9
52.44444444444444,1,9
37.55555555555556,1,9
8,1,9
92,2,9
33,3,9
78,1,9
16,2,9
16,1,9
6,1,9
8,1.5,9
4.777777777777778,1,9
27,1,9
20.555555555555557,1,9
74,1.5,9
7,1.5,9
67,1,9
16,1,9
39.22222222222222,1,9
8.222222222222221,1.5,9
12,1,9
53,1.5,9
31.333333333333332,1,9
41,1.5,9
22,1.5,9
0,1,9
37,2,9
10,2,9
28,0.5,9
4.111111111111111,1,9
0,1,9
47,1,9
49,1,9
26.444444444444443,1,9
0,1,9
0,1,9
24,0.5,9
0,1,9
42,1,9
2,1,9
38,1,9
61,1,9
59,1,9
0,1,9
87,1.5,9
37,1,9
140,1.3333333333333333,9
66,1.5,9
39,1,9
100,1.5,9
87,1,9
0,2,9
94.5,1,9
15,1,9
44,1.5,9
10,1,9
70,1,9
4,1.5,9
35,1,9
40,1,9
42,1.5,9
81.88888888888889,1,9
74,1.5,9
34,2,9
11,1,9
5.777777777777778,1.5,9
18,1,9
62,1,9
0,0,9
53,3.5,9
20,1,9
6,1,9
0,1,9
38,1,9
0,1,9
0,0,9
89.5,1,9
164.55555555555554,1,9
34,1,9
23.22222222222222,1,9
0,0,9
82,1.5,9
0,0,9
0,0,9
63,1,9
0,0,9
44,1,9
60,1,9
51,1,9
17,1,9
130,1,9
5.277777777777778,0.5,9
0,2,9
11,1,9
126,1.5,9
139,1.5,9
18,1,9
0,3,9
45,1,9
0,0,9
11,1,9
0,0.5,9
44,1.3333333333333333,9
6,0.5,9
26,1,9
47.55555555555556,1,9
21.11111111111111,2,9
38.44444444444444,1,9
12,0.5,9
19,1,9
0,1,9
15.333333333333334,1,9
56,0.6666666666666666,9
118,1,9
0,0,9
7,2,9
0,0.5,9
38.666666666666664,0.5,9
13.666666666666666,1,9
26,1,9
26,0.75,9
0,1,9
51.55555555555556,0.5,9
71,1.5,9
23,1,9
41.44444444444444,1,9
18.22222222222222,1,9
0,0,9
4.888888888888889,1,9
12.222222222222221,1,9
11,1,9
0,1,9
88,1,9
48.55555555555556,1,9
52,1,9
61.44444444444444,1,9
5,1,9
65.55555555555556,1.5,9
0,1,9
76.88888888888889,0.5,9
79,2,9
63,1,9
40.333333333333336,1.5,9
38.5,1,9
0,0,9
0,0,9
5,1,9
71,1,9
13,1,9
12,1,9
134,1.5,9
40,1,9
13,0.5,9
49,1,9
50.55555555555556,1.5,9
28,1,9
18,1,9
0,1,9
18,1,9
30,1,9
0,0,9
106.22222222222223,0.5,9
65,1,9
39,1,9
0,1,9
0,1,9
20,1,9
35.44444444444444,1.6666666666666667,9
36,0.5,9
38,1.5,9
0,1,9
29,1.5,9
100,0.5,9
80,1,9
22,0.5,9
6,1,9
114,0.75,9
52,1,9
36,1,9
38.111111111111114,1,9
27,1,9
8,1,9
68,1,9
60,2,9
64,1,9
2,1,9
10,0,9
63,1.5,9
112.11111111111111,1,9
65,2,9
20.555555555555557,1.5,9
22.77777777777778,2,9
55,2,9
24,1,9
144,1,9
0,1,9
41.72222222222222,1,9
78,1,9
21,2,9
4.111111111111111,1,9
51.77777777777778,1.3333333333333333,9
12,1,9
9,2,9
42.666666666666664,1.5,9
56,1.5,9
61,1,9
38,1,9
28,1,9
18,2,9
72,1.5,9
0,1,9
43.111111111111114,1,9
12,1,9
28,1,9
127,1,9
79,1,9
7,1.5,9
109,1.5,9
62,1,9
48,1.5,9
26,1,9
0,0,9
12,1,9
0,2,9
115,1.5,9
4.888888888888889,1,9
28,1,9
130.22222222222223,1,9
1.5555555555555556,1,9
10,1,9
0,0,9
32.22222222222222,2,9
38.55555555555556,1,9
92,1,9
24,1.5,9
59.22222222222222,0.6666666666666666,9
0,0,9
50.55555555555556,1,9
16,1,9
14,3,9
69.55555555555556,1,9
68,1,9
54,1,9
72,1,9
26,0.5,9
14,1,9
69.66666666666667,1.6666666666666667,9
39,1,9
8,2,9
0,0,9
8,2,9
29,2,9
58,1,9
0,0.5,9
27,1,9
64.55555555555556,1,9
0,1,9
99,1,9
0,1,9
86,1,9
29,1,9
22.333333333333332,1,9
12,1,9
65,1,9
63,1,9
56,1,9
17.444444444444443,1,9
14,1.5,9
103,1,9
26,1,9
44,0.5,9
63.888888888888886,1.5,9
15,1,9
80,1,9
0,1,9
110,0.6666666666666666,9
96,1.5,9
17.22222222222222,0.6666666666666666,9
0,0.5,9
102,0.5,9
59,1,9
0,1.5,9
56,1.75,9
30.444444444444443,0.5,9
21,1,9
0,1,9
0,1.3333333333333333,9
116,1,9
34,1.3333333333333333,9
0,0,9
26.555555555555557,1,9
191.55555555555554,1.6666666666666667,9
119,1,9
0,1,9
73,2,9
104.22222222222223,1,9
23.555555555555557,1,9
21,1,9
0,2,9
34,1,9
0,0,9
41,1,9
51,1,9
44,1,9
9.666666666666666,1.5,9
42.888888888888886,1.5,9
104,2,9
26.555555555555557,1,9
57.55555555555556,1,9
26,1,9
0,0,9
21.555555555555557,2,9
97.66666666666667,1,9
70,0,9
76,1,9
96.66666666666667,1,9
50,1.5,9
44,1,9
70,1,9
73,1,9
20,1.5,9
35.111111111111114,1,9
75.11111111111111,1.5,9
48,1,9
64,1,9
24,1.5,9
0,1.5,9
2,1,9
0,0,9
0,1,9
73.55555555555556,2,9
14.444444444444445,1,9
46,1,9
39,1,9
38,2,9
28.666666666666668,1,9
73.11111111111111,1,9
86,1.5,9
16.333333333333332,1,9
0,1,9
64,1.6666666666666667,9
152,1.5,9
20,2,9
24,0.5,9
36,1,9
114,1,9
0,1,9
50,1,9
107,1,9
0,1,9
50,1,9
0,1,9
38,1,9
30,2,9
96,1,9
19,4,9
6,1,9
0,1,9
61,1,9
0,1,9
46,1,9
5.777777777777778,1,9
6,1,9
18,1,9
18,1,9
81.33333333333333,2.5,9
10,0.5,9
0,1,9
0,0,9
49,1,9
70,1,9
34,1,9
52.22222222222222,1,9
21,1,9
36,1,9
86.55555555555556,1,9
0,0,9
22,1.5,9
23.77777777777778,1,9
87,1.5,9
26,1,9
20,1,9
188.33333333333334,1,9
84,1.3333333333333333,9
41.55555555555556,1.3333333333333333,9
54,1,9
0,1,9
103,1,9
37.111111111111114,1,9
136,2,9
5.111111111111111,0.5,9
0,0,9
57.22222222222222,1.5,9
59,1.5,9
14,2,9
57,2,9
70,1.5,9
26,0.6666666666666666,9
0,0,9
0,0.5,9
0,1,9
46,1.5,9
0,1,9
34,1,9
9,1,9
38.55555555555556,1,9
37,1.5,9
71,1,9
79.88888888888889,0.6,9
34.55555555555556,0.5,9
21.555555555555557,1,9
7.666666666666667,2,9
106.44444444444444,1.6666666666666667,9
23,1,9
3.5555555555555554,1.5,9
60,1.5,9
34,1,9
45,1,9
104.11111111111111,1,9
0,0,9
0,0,9
11.333333333333334,0.3333333333333333,9
34,1.6666666666666667,9
0,1,9
0,1,9
98,1,9
22.555555555555557,2,9
105,1.3333333333333333,9
72,2,9
92.22222222222223,2,9
1.1111111111111112,2,9
93,1,9
40,1,9
2,0.5,9
38.5,1.5,9
4,0.5,9
83,1,9
150,2.5,9
12,2,9
93,1,9
37,1,9
146,1,9
8,1.5,9
18.666666666666668,1,9
15.333333333333334,1,9
137.66666666666666,1,9
74,1,9
33,2,9
0,1,9
8,1,9
62.77777777777778,2,9
101.77777777777777,1.5,9
48.666666666666664,1.3333333333333333,9
8.11111111111111,1,9
36,1,9
52,1,9
177.22222222222223,1,9
15,1,9
53,1.5,9
36,3,9
97,1,9
80,1,9
0,1,9
25.11111111111111,1.5,9
96.33333333333333,2,9
23,1,9
8,1,9
14,1,9
52,1.3333333333333333,9
79,1,9
108,1,9
27.22222222222222,1,9
3.4444444444444446,1.5,9
30.333333333333332,1,9
24,2,9
6,1.6666666666666667,9
42.77777777777778,1,9
0,0,9
2,1,9
5,1,9
13,0.6666666666666666,9
66,0.5,9
1.1111111111111112,2,9
127,2,9
50,1,9
100,1,9
6,1,9
33.27777777777778,1,9
18.61111111111111,1,9
0,1,9
62,1,9
25,1,9
34,1,9
6,1,9
132,2,9
14.777777777777779,1.5,9
0.7777777777777778,1,9
100.55555555555556,1,9
53.55555555555556,1,9
102,1,9
34,1.5,9
0,1,9
71.33333333333333,1,9
6.333333333333333,1.5,9
16,1,9
27.333333333333332,1,9
13.555555555555555,1,9
11.555555555555555,1,9
0,1,9
36,1,9
66.11111111111111,1,9
125,1,9
11,1,9
0,1,9
92,1.5,9
20,1.3333333333333333,9
52,0.75,9
0,0,9
9,1,9
0,0,9
35,1,9
48,1,9
17.555555555555557,1,9
0,1.5,9
56,1,9
57,1.6666666666666667,9
0,1,9
20,0.6666666666666666,9
10,2,9
38,1,9
6.333333333333333,2,9
22,2,9
43,2,9
0,1,9
0,1,9
12.777777777777779,1,9
0,1,9
0,0,9
64,0.5,9
119.66666666666667,1,9
0,0,9
61.888888888888886,1,9
59,1,9
30,2.5,9
64,1,9
30,2.3333333333333335,9
30.666666666666668,2,9
4,1,9
56.77777777777778,1,9
31,1,9
34,1,9
0,1,9
12,1,9
54,1,9
0,0,9
74.55555555555556,1,9
74.11111111111111,1,9
44,1.5,9
30,1,9
52,1,9
39,1.5,9
21.11111111111111,1,9
0,0.5,9
50,2,9
91.55555555555556,1,9
0,0,9
76.44444444444444,1.5,9
0,0,9
18,1,9
70,1.3333333333333333,9
61.333333333333336,1.5,9
5,1,9
18.444444444444443,1,9
36.44444444444444,1,9
0,1,9
60,1,9
66,1.5,9
106,1.5,9
24,2,9
3.111111111111111,1,9
15.333333333333334,1,9
25,1,9
34,1,9
49,0.5,9
118.11111111111111,1,9
53.77777777777778,1,9
89.77777777777777,1,9
0,0,9
58.666666666666664,1,9
21,2,9
81,1.5,9
29,2,9
52,1,9
113.77777777777777,1,9
74,7,9
79,1.5,9
50.55555555555556,1,9
24,1,9
2,2,9
59,1.5,9
29,1,9
0,1.5,9
35.888888888888886,1.6666666666666667,9
14,2,9
6,1.5,9
42,1.5,9
0,1,9
0,1,9
4,1,9
41.55555555555556,1.5,9
12,1,9
88.11111111111111,1,9
8,1,9
34,2,9
27,1,9
142,1,9
7,1,9
0,0,9
33.666666666666664,1,9
89.16666666666667,0.75,9
0,1,9
140.88888888888889,1,9
120,1.5,9
5,1,9
29,1,9
0,1,9
10.11111111111111,1,9
57,1,9
30,1,9
30,1,9
66,1,9
63,1,9
55.333333333333336,2,9
32,2,9
109,1,9
49,1,9
0,1,9
0,1,9
120,1.5,9
62.72222222222222,1,9
17,1,9
4,2,9
0,0,9
0,1,9
39.55555555555556,1,9
8.444444444444445,3,9
92.33333333333333,1.5,9
32.111111111111114,1,9
21.11111111111111,1,9
86,1,9
48,1,9
63,2.5,9
36.55555555555556,1,9
13,1,9
14,1,9
152,1,9
172,1,9
0,0,9
12,1,9
32,1,9
107.55555555555556,1,9
61.22222222222222,1,9
42,1,9
7,1,9
87,1,9
64,1,9
0,0,9
135,1,9
21.22222222222222,1.5,9
22.333333333333332,1.5,9
44,1,9
74.22222222222223,1.5,9
23,0.5,9
58,1,9
1.5555555555555556,1,9
123.11111111111111,1,9
0,0.5,9
64,1,9
0,1,9
94,1,9
8.777777777777779,2,9
32.77777777777778,1,9
87,1,9
86,1,9
2.444444444444444,1,9
5.666666666666667,1,9
70,1.5,9
51.888888888888886,1.5,9
42,3,9
10,1,9
41,0.75,9
0,1,9
40,1,9
79,1,9
34,1,9
1.5555555555555556,1,9
10,1,9
13.666666666666666,0.5,9
18,1.5,9
28,1,9
0,1,9
0,1,9
78,1.5,9
22,1,9
17,1,9
0,1,9
46,1,9
126,2.5,9
27,1,9
0,1,9
0,1,9
154,1,9
30,1,9
40,1,9
108,1,9
130,3,9
27.333333333333332,2,9
19,1,9
43.55555555555556,1,9
6,1,9
0,0,9
12.666666666666666,1.5,9
157.11111111111111,1,9
16,1,9
23,1,9
2,1,9
0,0,9
42,1,9
14,1,9
51.888888888888886,1,9
18,0.5,9
9,1,9
30,1,9
26.333333333333332,1,9
79,1,9
38,1,9
36,1.5,9
0,0,9
0.2222222222222222,1,9
84.33333333333333,1,9
0,1,9
46,0.6666666666666666,9
0,0,9
76,1,9
40.22222222222222,1,9
0,1,9
30,2,9
7,1,9
13,1,9
38,1,9
97,1,9
56,1,9
88.22222222222223,1,9
14,2,9
32,1,9
71.22222222222223,1,9
35.77777777777778,1,9
63.888888888888886,0.8,9
14.5,1,9
35,2.5,9
43,1,9
52,1,9
36,0.5,9
50,1,9
40.77777777777778,1,9
48.55555555555556,2.5,9
68,1,9
11.222222222222221,1,9
0,0,9
4,1,9
193.55555555555554,1.5,9
30,1,9
11.222222222222221,1,9
51,1,9
63,0.5,9
24,1,9
38,1,9
0,1,9
36.44444444444444,1,9
0,2,9
32,1,9
46.111111111111114,2,9
2,1,9
0,0,9
7,1,9
70,1,9
1.1111111111111112,1,9
8,1,9
0,1,9
71,1,9
56.22222222222222,1,9
38.666666666666664,1.5,9
36,1,9
0,1,9
29,1.5,9
13,1,9
86.55555555555556,1.5,9
4,1,9
8,1,9
12,1,9
2,1,9
68,1,9
29,1,9
0,0,9
17,4,9
68,1.5,9
1.2222222222222223,1,9
1.6666666666666665,1,9
40.55555555555556,2,9
40.666666666666664,1.5,9
21,1,9
157,1.5,9
100,1.5,9
25,1,9
9.444444444444445,1,9
88,1,9
12.222222222222221,1,9
44,1,9
13.222222222222221,1,9
103,1.3333333333333333,9
46,1,9
0,0,9
49,1,9
89.11111111111111,1,9
48,1,9
10,1,9
66,1.5,9
63,2,9
27,1,9
20,1,9
14,1,9
6,2,9
158.11111111111111,1.5,9
34,0.6666666666666666,9
54,1,9
0,0,9
75,1,9
39,1,9
0.6666666666666666,1,9
42,2,9
77,1,9
57.666666666666664,1.5,9
78.5,1,9
15,0.5,9
44,1,9
96,1,9
92.11111111111111,0.8,9
4,1,9
9,1,9
82,1.3333333333333333,9
19,1.5,9
0,1,9
51,0.5,9
144,0.6666666666666666,9
24,1,9
6,1,9
18,1,9
31,1,9
4.555555555555555,1,9
68.33333333333333,1,9
118.11111111111111,1.5,9
4,1,9
44,1,9
95,1,9
0,0,9
4,1,9
7,1,9
0,1,9
46,1,9
95,1,9
24,1.5,9
68.11111111111111,1.3333333333333333,9
20,1,9
92,1,9
58.77777777777778,1,9
37.55555555555556,1,9
118,1,9
191,1,9
24,2,9
12.11111111111111,0.5,9
29,1,9
61,1,9
36,1,9
35,1.5,9
186.66666666666666,1,9
24,1,9
45,1,9
1.3333333333333333,1,9
26.555555555555557,1,9
0,0,9
24,1,9
23,1,9
57.44444444444444,1,9
16.055555555555557,1,9
69,2,9
30,1,9
81.77777777777777,1,9
76,1.5,9
58,1,9
69,2,9
36,1,9
0,1,9
79,1.5,9
6,1,9
10,0.5,9
0,1,9
87,0.5,9
48,1,9
16,0.6666666666666666,9
24.22222222222222,2,9
93,1,9
0,1,9
24.555555555555557,1,9
80,1.5,9
0,0,9
36,1,9
35.111111111111114,1,9
13,1,9
158.55555555555554,1,9
17,3,9
0,3,9
4,2,9
69,1,9
0,0,9
0,1,9
172.88888888888889,1.3333333333333333,9
28.333333333333332,1,9
0,1,9
13.666666666666666,2,9
57,1.3333333333333333,9
41,1,9
69,1,9
8,1,9
35.333333333333336,1.5,9
20,1,9
9,1,9
59,1,9
23,2,9
4,1,9
3,1,9
0,1,9
50.888888888888886,1.3333333333333333,9
43,1.5,9
79.55555555555556,1,9
64.66666666666667,1,9
36,1.5,9
22,2,9
15,1,9
24.88888888888889,1,9
67,1,9
4,1,9
0,1,9
40,1,9
36.77777777777778,1,9
36,1,9
12,1,9
6.666666666666667,1,9
58,1.5,9
24,1,9
6,1,9
16,2,9
21.88888888888889,1,9
54,1.5,9
95,1.6666666666666667,9
12,2,9
25,4,9
33.55555555555556,1.5,9
24,1.5,9
6,2,9
48,1,9
12,1,9
76,1,9
22,1.5,9
27.22222222222222,1,9
0,1,9
6.5,1,9
128,2,9
0,1,9
0,1,9
89,1,9
83.72222222222223,1,9
50.55555555555556,1,9
132,1,9
19.666666666666668,1,9
40,0.5,9
59,1.5,9
0,1,9
106,1,9
22,1.5,9
104,2,9
111,1.5,9
48.666666666666664,1,9
6,1,9
0,1,9
0,0,9
0,1,9
10,1,9
0,0,9
57,1.5,9
63.5,1,9
36,1,9
0,0,9
78.44444444444444,1.5,9
23,1,9
38,1,9
13,1,9
7.666666666666667,1,9
75,1,9
154,1,9
8,1,9
42,2,9
69.66666666666667,1,9
20,1.5,9
71,1.3333333333333333,9
48,1,9
20,2,9
36,0.5,9
63.77777777777778,2,9
101,1,9
81,1.3333333333333333,9
4,1,9
22,1,9
4,0.5,9
48,1,9
149.33333333333334,1,9
54,1,9
51.666666666666664,1,9
3.6666666666666665,1,9
71,2,9
56,1.5,9
139,3.3333333333333335,9
12,1,9
92,1.5,9
156,1,9
33,1,9
92,1,9
54,2,9
16,1,9
67,1,9
58,1,9
38,1,9
18,1,9
8,1.5,9
38,1.5,9
1.7777777777777777,1,9
68,1.5,9
52.55555555555556,1,9
34,1,9
0,1,9
86,0.75,9
0,1,9
40,0.6666666666666666,9
15,1,9
62.666666666666664,1,9
22,1,9
9.333333333333334,1,9
128,1,9
62,1,9
0,2,9
12,2,9
64,1.5,9
4,6,9
51,1.5,9
28,1,9
64,1,9
13.333333333333334,1,9
2.111111111111111,0.5,9
59.111111111111114,1,9
0,1,9
58,1,9
0,1,9
41.44444444444444,1,9
25.22222222222222,1,9
0,1,9
125.11111111111111,1.5,9
58.44444444444444,1,9
49.111111111111114,1.5,9
53,1,9
2,1,9
0,0,9
46,1,9
16,1,9
15,1,9
15.666666666666666,1,9
0,0,9
53.55555555555556,2,9
16.333333333333332,0.5,9
19,0.5,9
53.22222222222222,1,9
0,1,9
45,1,9
12,1,9
2,1,9
6,1,9
20,1,9
10,1,9
38,1,9
17.22222222222222,1,9
44,1.3333333333333333,9
113,0.6,9
44,1,9
24,1.5,9
6.333333333333333,1,9
0,1,9
37.22222222222222,0.5,9
0,1,9
36,0.5,9
66,2,9
20,1,9
29,3,9
34,1,9
4,1,9
120,1,9
112,0.6666666666666666,9
34,1,9
130,2,9
0,0,9
88,2,9
91,2,9
12,1,9
0,1,9
33,1,9
39,1,9
10.5,1,9
77,1,9
18.444444444444443,1,9
42.55555555555556,1,9
132,1,9
56.44444444444444,0.75,9
8.333333333333334,0.5,9
24,1,9
84,1,9
37,1,9
7,1,9
45,1,9
0,1,9
40.111111111111114,1,9
122,1,9
40.888888888888886,0.6666666666666666,9
26,1,9
6,1,9
20,1,9
45,2,9
47,1,9
22,1.5,9
14,1,9
47,1,9
4.555555555555555,1,9
32,1,9
9.11111111111111,0.5,9
24.444444444444443,1,9
14,1,9
0,1,9
17.77777777777778,2,9
0,1,9
32,3,9
0,1,9
44.333333333333336,1.5,9
23,1,9
0,2,9
145,1,9
98,1,9
27,1,9
0,1,9
16.77777777777778,2,9
65.11111111111111,1.5,9
0,0,9
80.55555555555556,0.5,9
51,1,9
19.27777777777778,1,9
99,1,9
55,1.5,9
32,1,9
36.333333333333336,1,9
39,1,9
34,1,9
48,1,9
10.222222222222221,1,9
0,1,9
0,1,9
40,1.3333333333333333,9
10,0.5,9
18.11111111111111,1.5,9
50,2,9
23.333333333333332,1,9
0,1,9
30,1,9
51.55555555555556,1,9
9,1,9
23,1,9
21.11111111111111,1,9
0,1,9
37.55555555555556,1,9
15.555555555555555,1.5,9
26.666666666666668,1.5,9
30.22222222222222,3.5,9
0,0,9
20,1,9
0,0,9
0,1,9
18,1,9
16,1,9
18,1,9
37,1.5,9
20.11111111111111,1.5,9
24,1,9
26.88888888888889,1,9
0,0,9
4.888888888888889,1,9
66,1,9
4,2,9
0,0,9
67,1,9
50,1,9
22,1,9
53.111111111111114,1.5,9
136,0.5,9
72,1.3333333333333333,9
41.55555555555556,1.5,9
4.833333333333333,1,9
64.77777777777777,1.6666666666666667,9
85.44444444444444,1.3333333333333333,9
0,0,9
0,1,9
25.11111111111111,1,9
0.3333333333333333,1,9
40,1,9
4,1,9
74,1,9
0,0,9
0,0,9
59,1,9
121,1,9
71.55555555555556,1,9
50,1,9
81,1,9
53.111111111111114,1,9
3,2,9
0,1,9
15.5,1,9
89,1,9
0,1,9
17,1,9
87.11111111111111,1.5,9
13,1,9
24,1,9
2,1.5,9
100,1.5,9
8,0.6666666666666666,9
0,0,9
0,1.5,9
50,1,9
4,1,9
12,1,9
3,1,9
82,1,9
18,0.5,9
87.11111111111111,1,9
14,1,9
0,0,9
41,1,9
0,2,9
84,2,9
17,1.5,9
0,1,9
73.11111111111111,1.5,9
0,1,9
91.11111111111111,2,9
107.11111111111111,1,9
0,1,9
45.333333333333336,1,9
0,1,9
77,1,9
114,2.5,9
39.333333333333336,0.8,9
38,1,9
8,1,9
90,1,9
80.77777777777777,1.5,9
106.11111111111111,1,9
122.77777777777777,1,9
4.444444444444445,1,9
51,1,9
9,1,9
44.888888888888886,1,9
24.22222222222222,1,9
120,1.5,9
28,1,9
32,1,9
0,0,9
118,1.25,9
39,1,9
6,1,9
0,0,9
7.111111111111111,0.5,9
35,1,9
106,0.6,9
75,1,9
10.222222222222221,1,9
9,1,9
0,1,9
21,1,9
52,1,9
70.77777777777777,1,9
42.666666666666664,1,9
0,0,9
16.555555555555557,1,9
45,1,9
14,1,9
86,1,9
130.66666666666666,1.25,9
57,1,9
49,1,9
40,1,9
20,1,9
41,1,9
1,1,9
34,2,9
30,1,9
94,1,9
0,0,9
46,1,9
30,1,9
0,0,9
0,0,9
29,1,9
35.888888888888886,1.75,9
83.44444444444444,1.5,9
19.11111111111111,1,9
11,2,9
101,1,9
29,3,9
6.555555555555555,1.5,9
64,1,9
69.44444444444444,2,9
14,1,9
72.66666666666667,1.3333333333333333,9
13.555555555555555,1.5,9
77.77777777777777,1,9
2.4444444444444446,1,9
0,0,9
88,1,9
163,1,9
42,1.5,9
41,1,9
23,1,9
47,1,9
0.4444444444444444,1,9
0,1,9
46,1,9
109,1,9
25,3,9
10,1,9
44,1.5,9
14,1,9
12,1,9
0,0,9
22,0,9
0,0,9
70,1,9
91,1,9
81,1,9
10,1,9
26,1,9
6,0.5,9
53,1.5,9
2,1,9
65,1,9
16,1,9
99.05555555555556,1,9
182.33333333333334,1,9
0,1,9
1.1111111111111112,2,9
15,1,9
13.555555555555555,1,9
137,1.6666666666666667,9
0,0,9
22,1,9
54,1,9
155,1.3333333333333333,9
85,1,9
52,1,9
26,1.5,9
74,1,9
38,1.5,9
84,1,9
0,0.5,9
39,1,9
46.666666666666664,1,9
32.333333333333336,1,9
25,1,9
72,1,9
15.555555555555555,1,9
21.333333333333332,1,9
35,2,9
16,1.5,9
5.111111111111111,1,9
0,0,9
45.888888888888886,1,9
3,2,9
12,1,9
103.66666666666667,0.6666666666666666,9
180,0.5,9
127,2.3333333333333335,9
61,1,9
52,1,9
47.22222222222222,1,9
142,1,9
6,1,9
12,1,9
7.777777777777778,1,9
8,1,9
23,1,9
87,1,9
20,0,9
95.44444444444444,1.5,9
52,1,9
0,0,9
113.77777777777777,1.3333333333333333,9
7,2,9
0,1,9
10.222222222222221,2,9
76,2.6666666666666665,9
35,2,9
3.2222222222222223,2,9
44,2,9
51,1,9
43,1,9
0,1,9
44,1,9
1.7777777777777777,3,9
41.55555555555556,1,9
98,1,9
11,1,9
139,1,9
0,2,9
61.333333333333336,1,9
38,1,9
42,1,9
92,1,9
187,1.5,9
0,0,9
2,1,9
53,1,9
12,1,9
0,2,9
16.555555555555557,1.5,9
41.22222222222222,1.5,9
62,2,9
42,1,9
54,1.3333333333333333,9
3,1,9
0,0,9
62,1,9
0,2,9
50,1,9
17,0.5,9
32,2,9
38,1,9
6,1,9
147.88888888888889,0.6666666666666666,9
46,1,9
73,1,9
35,2,9
137,1,9
13,1,9
48,1,9
4.222222222222222,1,9
0,1,9
32,1,9
6,1.5,9
54,1,9
0,0,9
6,1,9
6,0.5,9
0,0,9
0,1,9
64,2,9
70.44444444444444,1,9
86.11111111111111,2,9
78.66666666666667,1,9
46,1,9
0,1,9
22,2,9
83,1.5,9
25,0.5,9
16,2,9
17,2,9
0,0,9
31,1,9
4,1,9
0.7777777777777778,1,9
14.666666666666666,1,9
2,1,9
96,2,9
39,1,9
55,0,9
106,0.75,9
65,1,9
48,2,9
36,1.5,9
77,1,9
19,0.5,9
13,2,9
28,1,9
0,1,9
25,1,9
29.055555555555557,1.6666666666666667,9
40,1,9
15,1,9
0,1,9
20.666666666666668,1,9
13.11111111111111,1,9
67.44444444444444,1,9
105.55555555555556,1,9
10,1,9
20,1.5,9
2,1,9
23,2,9
0,0,9
33.55555555555556,1,9
30,1,9
11,2,9
20,1,9
15,1,9
24,0.5,9
7.666666666666667,0.6666666666666666,9
30,2,9
46,1,9
56,2.3333333333333335,9
0,1,9
35,1,9
49,1,9
59,2,9
76.94444444444444,1,9
7,1,9
4,1.5,9
45,0.25,9
10,1,9
101.22222222222223,2,9
24.444444444444443,1,9
22,1,9
23,1,9
38,1,9
40,1,9
69,1,9
0,2,9
12,1,9
66.11111111111111,1,9
0,1.5,9
121.33333333333333,1,9
0,1,9
33,1,9
140,1,9
50,1,9
0,1,9
27,1.5,9
8,1,9
16,1,9
0,1,9
14,1,9
55,2,9
33.666666666666664,1,9
0,1,9
4.555555555555555,1,9
99,1,9
0,3,9
13.777777777777779,1.5,9
56,1.3333333333333333,9
9,1.5,9
0,3.5,9
0.4444444444444444,1,9
85,1,9
20.11111111111111,1,9
138.77777777777777,0.6666666666666666,9
40,1,9
16.555555555555557,1,9
25,2,9
0,0,9
45,1,9
70,1,9
53,3.5,9
30.11111111111111,1,9
70.77777777777777,2,9
0,0,9
52,1,9
36,1,9
0,0,9
57,1,9
43,1,9
8,1,9
106.55555555555556,1,9
64.88888888888889,1,9
35.666666666666664,0.6666666666666666,9
12,1,9
19.22222222222222,1,9
34,0.5,9
65,1,9
0,0,9
29,1,9
39,1,9
28,1,9
51,1,9
46,1,9
0.4444444444444444,1,9
39,1,9
58,0.75,9
21,1,9
85,1,9
4,1,9
2,1,9
0,0,9
30,1,9
68.22222222222223,1.5,9
7.5,1,9
0,1,9
62.22222222222222,2,9
0,0,9
45.44444444444444,1,9
32,1.3333333333333333,9
16.666666666666668,1,9
35,1,9
60,1.5,9
129.66666666666666,1,9
57,0.6666666666666666,9
28.444444444444443,1,9
69,1,9
120,0.6666666666666666,9
60.55555555555556,1,9
0,1,9
61,0.5,9
0,0,9
18,1,9
124.88888888888889,1,9
0,0,9
10,1,9
26,1,9
4,1,9
8.222222222222221,1,9
36,3,9
96,1.5,9
72,1,9
1.1111111111111112,1,9
21,1,9
116,1,9
4,1,9
90,1,9
23,1,9
42.77777777777778,1.5,9
9.777777777777779,1,9
28,0.5,9
59,1,9
42,1,9
49,1,9
72,2.5,9
31,2,9
4.222222222222222,1,9
0,1.5,9
24.77777777777778,1,9
10,1,9
6,1,9
0,0,9
0,2,9
54.666666666666664,1,9
76,1,9
7,1,9
64,1,9
42.55555555555556,1,9
49,1,9
12,1,9
19,0.5,9
41,1,9
0,1,9
9,1,9
6,1,9
0,0,9
11,1,9
0,1,9
0,1,7
50,1,7
8,1,7
33.22222222222222,1,7
6,0.5,7
0,0,7
0,0,7
14.11111111111111,1.5,7
6,2,7
90,1,7
32,3,7
71,1.3333333333333333,7
24,2,7
21,1,7
93,0.5,7
0,0,7
125.66666666666667,2,7
16,0.6666666666666666,7
41,0.5,7
24,1,7
49,1,7
15.222222222222221,1.5,7
19,1,7
8,1,7
48,1.5,7
34,1,7
13,1,7
101,1,7
94,1,7
34,1,7
174,1.3333333333333333,7
104,1,7
106,1.5,7
36,1,7
47,1,7
18,1,7
52,1,7
38,1,7
22,0.5,7
80,1,7
48,1,7
0,1,7
36,1.5,7
58,1,7
55,2,7
11.555555555555555,1,7
6,1,7
31.666666666666668,1,7
22,1,7
6,1,7
22.22222222222222,1,7
27.11111111111111,1,7
7,0.5,7
19,1,7
45,1.5,7
37.55555555555556,2,7
2,2,7
38.5,1,7
0,1,7
88,1,7
40,1,7
102,1,7
30.11111111111111,1,7
11.333333333333334,1,7
6.222222222222222,0.5,7
60.22222222222222,1,7
187,1,7
0,1,7
20.666666666666668,1,7
13,1,7
93,1,7
0,0,7
60.55555555555556,1,7
4,2,7
33,1,7
32.888888888888886,1,7
121.88888888888889,1,7
40,1.5,7
16,1,7
92,1,7
19,1,7
6,1,7
0,0,7
1.1111111111111112,0.5,7
64.33333333333333,1,7
0,0,7
67,2,7
20,1,7
157,2,7
116,2.5,7
118,1,7
46,1.5,7
0,0,7
0,0,7
63,1,7
12,1,7
21,1,7
0,0,7
28.22222222222222,3,7
50,1.5,7
12.222222222222221,1,7
12,1,7
34,1,7
15,1,7
1,1,7
100.44444444444444,1.3333333333333333,7
144,1,7
41,1,7
10,3,7
30,1,7
36,1,7
0,0,7
124,1.5,7
140,1.5,7
66,1,7
158,1,7
176.11111111111111,1,7
6,1.5,7
102,1,7
5,1,7
0,1,7
148,1.5,7
42,1,7
12,1,7
50,0.6666666666666666,7
70,0.5,7
114,1,7
113,1,7
13.277777777777779,1,7
53,1,7
176,1,7
0,0,7
18,2,7
22,1,7
7.111111111111111,1.5,7
0,0.5,7
4,5,7
25,1,7
4.555555555555555,1,7
9,1,7
133.55555555555554,1.5,7
13,1,7
26,1,7
104,1,7
160,1.5,7
65.66666666666667,1.5,7
17,1,7
18,1,7
40,1,7
19.88888888888889,1,7
12,1,7
12,1,7
61.5,1,7
17.11111111111111,1.3333333333333333,7
114,1,7
28,1.5,7
19,1.25,7
28,1,7
28,1.5,7
66,1,7
47,1,7
16,0.5,7
97.22222222222223,0.8,7
0,0,7
20.333333333333332,0.5,7
179,1,7
134,1,7
0,0.5,7
0,0,7
28,1,7
24,0.5,7
0,1,7
8.222222222222221,1,7
22,1,7
35.22222222222222,1.5,7
55.22222222222222,1,7
72,1,7
74,1,7
81.22222222222223,1.3333333333333333,7
63,0.6666666666666666,7
112,1,7
99.5,1,7
64,0.5,7
10,1,7
30,1.5,7
6.555555555555555,1,7
6,0.5,7
0,0.6666666666666666,7
162,1.5,7
76,1,7
6,1,7
32,1,7
0,0,7
29,1,7
20,1,7
8,1,7
0,1,7
18,1.3333333333333333,7
64,1,7
39,1,7
83,0.75,7
97.55555555555556,1.5,7
80,1,7
22,1,7
73,1.5,7
4,1,7
19.11111111111111,1,7
115,1,7
27,1,7
64,2.5,7
20.11111111111111,1,7
12,1,7
130,1,7
19.333333333333332,0.5,7
38,1,7
0,0,7
0,0,7
20,1.5,7
22,2,7
20,1.5,7
132.66666666666666,1,7
32,1,7
26.444444444444443,0.5,7
187,1.3333333333333333,7
22.666666666666668,1,7
69.55555555555556,0.6666666666666666,7
0,0,7
4,1,7
14.444444444444445,1.5,7
43,0.6666666666666666,7
42,1,7
188,1,7
49,1,7
22,1,7
25.444444444444443,1,7
174,0.6666666666666666,7
35.666666666666664,1,7
17.555555555555557,1,7
11,0.6666666666666666,7
17.055555555555557,1,7
154,1,7
84,1,7
85,1,7
0,1,7
44,1,7
0,0,7
16,1,7
0,0,7
0,0,7
113.55555555555556,1,7
36,1,7
24,1.2,7
51,0,7
16.11111111111111,2,7
60,1,7
18,1,7
62,1,7
60,1,7
145,1,7
30,1,7
28,1.5,7
0,1,7
26,1,7
89.05555555555556,1,7
4,1,7
60,1.5,7
59.55555555555556,1,7
158,1,7
60,1,7
29,1,7
62,1,7
124,1,7
16,2,7
59.666666666666664,0.6666666666666666,7
153.72222222222223,1,7
52.44444444444444,1,7
99.55555555555556,0.6666666666666666,7
0,1,7
110,1.25,7
49,0.5,7
131,1,7
26,1,7
0,1,7
63,1,7
40,1,7
51.55555555555556,1.25,7
153,1,7
19.11111111111111,1.5,7
2,1,7
36,1,7
0,1,7
6,0.5,7
124.77777777777777,0.6666666666666666,7
77.77777777777777,2,7
8,1,7
141,1.5,7
74,2,7
32,1,7
0,1,7
34,1.5,7
53,1.5,7
40.77777777777778,1,7
0,0,7
160,1,7
64,1,7
0,0,7
76,2,7
48.111111111111114,1,7
40,1,7
44,1.5,7
120,1,7
111,1.5,7
16.11111111111111,1,7
0,0,7
151.55555555555554,1.3333333333333333,7
12,1,7
12.222222222222221,1,7
0,1,7
10,1,7
10,1,7
81.55555555555556,1,7
160,0.6666666666666666,7
32.111111111111114,1,7
44,1,7
64.44444444444444,1,7
18,1,7
175,0.6666666666666666,7
46,1,7
30,1,7
14,1,7
18,2,7
82,1,7
0,0,7
28,2,7
0,1,7
1,1,7
11,0.5,7
62,0.6666666666666666,7
97,1,7
12,1,7
60,2,7
55,0.6666666666666666,7
23.333333333333332,1.5,7
157.22222222222223,1.6666666666666667,7
35.111111111111114,1,7
0,1,7
42.111111111111114,1.5,7
127,1,7
165.77777777777777,2,7
58,1,7
0,1,7
72,1,7
152,1.6666666666666667,7
20,1,7
18,1,7
96,1,7
69.55555555555556,1,7
82.55555555555556,1,7
12,2,7
161,2,7
15,1,7
164,1,7
36,1,7
49,1,7
90,0.5,7
0,1.5,7
32,0.5,7
20,1,7
30,1,7
42,1,7
122,0.75,7
44,1,7
189,1.5,7
0,3,7
8,0.5,7
0,0,7
0,1,7
0,2,7
16.555555555555557,1,7
0,1,7
20,0.5,7
67.77777777777777,1.25,7
76,1,7
58,1,7
38,1,7
16,1,7
88,1.5,7
0,1,7
6,1,7
28,1,7
58.22222222222222,3,7
40,1.5,7
18.11111111111111,0.5,7
35,1,7
14,1,7
0,1,7
10,1.5,7
0,1,7
0,1,7
50,1,7
106,2,7
35.44444444444444,2,7
0,0,7
45,0.5,7
36,1,7
41.44444444444444,1,7
137.22222222222223,1,7
2,1,7
46,3,7
68,1,7
4,1,7
3.3333333333333335,0,7
0,0,7
46,1,7
0,1,7
31.555555555555557,1,7
13,1,7
52,0.6666666666666666,7
43.333333333333336,1,7
63,1,7
40.22222222222222,0.5,7
17.22222222222222,1,7
57,1.5,7
15,1,7
0,0,7
17,1,7
58,1,7
0,1,7
17.555555555555557,1,7
83,1,7
54.5,1,7
4,1,10
3.5555555555555554,1,10
10,1,10
31.666666666666668,1,10
79,0.5,10
22.555555555555557,1,10
143,1,10
4,1,10
32.111111111111114,1,10
17,1,10
0,1,10
145,1,10
13.222222222222221,3,10
40,1,10
12,1,10
52,1,10
84,1,10
0,1,10
48,1,10
46,2,10
14.11111111111111,1,10
18,1,10
34,2,10
16,1,10
20.444444444444443,1.5,10
11.222222222222221,1,10
86,1,10
20,1,10
8,1.5,10
64,1.5,10
41.111111111111114,1,10
18,1,10
76,1,10
15.11111111111111,1,10
48.611111111111114,1,10
84,1,10
42,1,10
6,1,10
28.555555555555557,1,10
60,2,10
12,1,10
2,0.5,10
50,1.5,10
0,1,10
7.111111111111111,1,10
7.222222222222222,1,10
39.5,1,10
20.77777777777778,1,10
91,1,10
56.888888888888886,1.5,10
74,1,10
4.555555555555555,1,10
40,1,10
26,1,10
48.111111111111114,1,10
23,1,10
55,1,10
49,1,10
47,1,10
4,1,10
20,1,10
17,0.6666666666666666,10
34.22222222222222,1,10
44,1,10
20,2,10
71,1,10
66.11111111111111,1.3333333333333333,10
0,1,10
45.333333333333336,1,10
8,0.5,10
0,1,10
0,1,10
0,0,10
46,1,10
22,1,10
27,1,10
61.111111111111114,1,10
4,1,10
99,1,10
21,0.5,10
146,1,10
8,3,10
36,1,10
0,1,10
3.6666666666666665,1,10
68.55555555555556,1.5,10
64,0.6666666666666666,10
75,1,10
141,1,10
126,1.5,10
0,1,10
15.444444444444445,1,10
10,1,10
2,1,10
0,1,10
40,1,10
20,1,10
136.22222222222223,1,10
0,1,10
84,1.5,10
24,1,10
32,1,10
0,1,10
27,1,10
73.11111111111111,1.5,10
8.11111111111111,1,10
0,1.5,10
93.22222222222223,1.5,10
17.555555555555557,2,10
178.55555555555554,1,10
47,1,10
2,1,10
0,1,10
119,1.5,10
167,1,10
22,1,10
147,1.25,10
13,1,10
34,1,10
72.55555555555556,1,10
119.44444444444444,1,10
11,2,10
57,1.3333333333333333,10
0,1,10
